trip_count,trip_time,trip_distance,total_amount,tip_amount,passenger_count,year,month,weekday,customer_waiting_time,driver_waiting_time
2458421,0 days 00:18:25.866418322,4.847701512474882,19.80866810851358,0.49047070457012854,,2019,1,0,0 days 00:02:47.607561379,0 days 00:02:16.508691557
2536410,0 days 00:18:30.370029293,4.543670900997865,19.57103639395839,0.5020809963688835,,2019,1,1,0 days 00:02:49.664401075,0 days 00:02:18.490923328
2719253,0 days 00:19:01.336906863,4.5504677792026,20.072473171860086,0.4944718567930238,,2019,1,2,0 days 00:02:49.896044701,0 days 00:02:18.797753633
2792197,0 days 00:20:05.332022418,4.7491227947025205,21.12645265359143,0.5296976466918343,,2019,1,3,0 days 00:02:49.474018917,0 days 00:02:19.472180217
3120463,0 days 00:19:36.225192864,4.597347079584024,19.9929482772268,0.49142673058453173,,2019,1,4,0 days 00:02:50.124199611,0 days 00:02:19.313982394
3445417,0 days 00:18:11.802142091,4.525939693221457,18.610213707078127,0.45779424667609164,,2019,1,5,0 days 00:02:36.115847278,0 days 00:02:19.077931806
2978043,0 days 00:17:22.713047125,4.877522114354964,18.811132545769134,0.45378199374555717,,2019,1,6,0 days 00:02:51.352240666,0 days 00:02:17.397727318
2565752,0 days 00:18:32.015441476,4.87749302348785,19.04451402551766,0.5021322364749203,,2019,2,0,0 days 00:02:53.136333522,0 days 00:02:11.483728942
2717456,0 days 00:19:14.395390762,4.617048290754291,18.850336866539873,0.49884096375433523,,2019,2,1,0 days 00:02:52.447969950,0 days 00:02:10.245303332
2852353,0 days 00:19:20.671991159,4.63480241400696,19.346544042760485,0.5124761135806123,,2019,2,2,0 days 00:02:46.201615265,0 days 00:02:11.386243542
3076355,0 days 00:20:03.813630091,4.666370789457,20.432650838411046,0.5372755940065432,,2019,2,3,0 days 00:02:56.664818786,0 days 00:02:12.625603704
4187477,0 days 00:19:50.343093466,4.5888272843050855,19.9090667578592,0.4973588917622712,,2019,2,4,0 days 00:02:59.748279540,0 days 00:02:12.926138741
4541792,0 days 00:18:33.875191334,4.618074205071479,18.83159498057152,0.4655704994856656,,2019,2,5,0 days 00:02:54.113178607,0 days 00:02:12.577562213
3923390,0 days 00:17:44.065218599,4.925529812228714,18.99726405990737,0.46009928403752876,,2019,2,6,0 days 00:03:03.008724819,0 days 00:02:13.223564953
3259949,0 days 00:19:01.667743575,4.761620086694608,20.008458638463367,0.5174146589409834,,2019,3,0,0 days 00:02:56.966358470,0 days 00:02:02.006436990
3262377,0 days 00:19:15.138264216,4.6626991944830465,20.162794667814286,0.5312762013709634,,2019,3,1,0 days 00:02:41.664128680,0 days 00:02:03.038435763
2652633,0 days 00:19:47.758745744,4.725038476864305,20.696086477096514,0.5476028798555999,,2019,3,2,0 days 00:02:36.317139209,0 days 00:02:04.383824659
2862470,0 days 00:20:24.415795100,4.762660831379895,21.528808605854376,0.5650541595195757,,2019,3,3,0 days 00:02:40.875066141,0 days 00:02:05.289004487
3281089,0 days 00:19:18.370453834,4.4900860994627045,20.43313180776258,0.5199002221518527,,2019,3,4,0 days 00:02:55.337855954,0 days 00:02:03.419624818
3433938,0 days 00:18:33.956341960,4.630287911429968,19.68186881650163,0.48765607299840585,,2019,3,5,0 days 00:02:46.164066453,0 days 00:02:02.060365274
2982366,0 days 00:17:40.802031340,5.008520476695349,19.952914652326378,0.48074242396808436,,2019,3,6,0 days 00:02:55.350688051,0 days 00:01:59.844138886
2533424,0 days 00:19:24.790989190,4.869734221748908,21.688832899664636,0.594791112739123,,2019,4,0,0 days 00:03:11.950470722,0 days 00:01:58.447866153
2583132,0 days 00:19:45.359471757,4.66982214536462,21.812570619697322,0.6175206764501389,,2019,4,1,0 days 00:02:53.955587520,0 days 00:02:00.167347616
3319071,0 days 00:20:28.757334205,4.74576236422782,22.217022793426256,0.6390722464207605,,2019,4,2,0 days 00:02:54.261748393,0 days 00:02:00.861812322
3561020,0 days 00:21:01.226970081,4.751750771127375,23.11241883224469,0.6572077719305142,,2019,4,3,0 days 00:02:59.384411847,0 days 00:02:02.502114627
3847550,0 days 00:20:53.126308689,4.73632730256917,22.309384603189034,0.6084481085366013,,2019,4,4,0 days 00:03:00.002315703,0 days 00:02:01.042793592
3326876,0 days 00:18:44.538713195,4.715156740738156,20.874807747568582,0.5405039111767315,,2019,4,5,0 days 00:02:49.360122691,0 days 00:01:57.342901233
3158169,0 days 00:17:42.473468962,4.750776796618548,20.88442462072169,0.533307688727234,,2019,4,6,0 days 00:03:17.100464330,0 days 00:01:57.085750901
2449914,0 days 00:19:37.025578040,4.819253194601933,22.44190306271976,0.6734900123024725,,2019,5,0,0 days 00:02:42.378443285,0 days 00:02:03.243024894
2561731,0 days 00:19:33.371639723,4.598697034153859,22.887604209809698,0.6963128759420875,,2019,5,1,0 days 00:02:47.652132478,0 days 00:01:58.497358407
2601425,0 days 00:20:31.052192163,4.719642836906696,23.349071259021507,0.7152526442238389,,2019,5,2,0 days 00:02:38.509720766,0 days 00:01:59.157400313
2805826,0 days 00:21:07.227456014,4.699457009094652,24.271703487671722,0.7339778838744809,,2019,5,3,0 days 00:02:47.867543447,0 days 00:02:00.194458587
2990874,0 days 00:20:53.726663176,4.695386893931339,23.188380396499515,0.6644861769502827,,2019,5,4,0 days 00:02:45.290664629,0 days 00:01:58.938859591
4084362,0 days 00:18:49.466498317,4.7233108551592675,21.55110878026972,0.5897400034570881,,2019,5,5,0 days 00:02:34.504531838,0 days 00:01:56.716381295
3507858,0 days 00:18:17.281102313,5.01558124559204,21.890682778493318,0.5929204032774416,,2019,5,6,0 days 00:02:47.381992122,0 days 00:01:56.802576235
2959824,0 days 00:18:52.305314775,4.780439765337402,21.592065984328816,0.6324857119882804,,2019,6,0,0 days 00:02:25.964604834,0 days 00:01:59.192477440
2975747,0 days 00:19:04.103877446,4.6756612373296536,20.959933300781284,0.6306547297199661,,2019,6,1,0 days 00:02:09.102600503,0 days 00:02:00.112070618
3183678,0 days 00:19:41.960468678,4.6144256831249875,19.146637065683137,0.5748054294435556,,2019,6,2,0 days 00:02:23.071786934,0 days 00:02:00.735864108
2608043,0 days 00:19:44.138648020,4.726885197061549,22.9786519279015,0.6701201130502833,,2019,6,3,0 days 00:02:28.441482818,0 days 00:02:00.601717004
2762241,0 days 00:19:33.073125769,4.679757061024005,21.98642002634817,0.6210825594146202,,2019,6,4,0 days 00:02:26.284774997,0 days 00:02:00.368125296
3063813,0 days 00:17:45.675800383,4.6630321664540215,20.613802519931866,0.5537550496717651,,2019,6,5,0 days 00:02:15.478338332,0 days 00:01:57.375168415
2749966,0 days 00:17:23.479459018,4.949608790072311,19.966883914201134,0.5480043898724566,,2019,6,6,0 days 00:02:19.821400951,0 days 00:01:57.847110603
2207936,0 days 00:18:51.461543722,4.97791067222963,18.556087128431255,0.5457838678295024,,2019,7,0,0 days 00:02:18.972626775,0 days 00:01:58.817859880
2279630,0 days 00:18:35.633969986,4.7997092896654285,21.80915640696078,0.6414116764562671,,2019,7,1,0 days 00:02:02.833865875,0 days 00:01:58.117801980
2486377,0 days 00:19:06.753897739,4.681992226440319,22.06773231895243,0.6459447139351757,,2019,7,2,0 days 00:02:09.903908095,0 days 00:01:58.776757580
3222711,0 days 00:20:10.415100206,4.883969888395205,19.85825104391921,0.5833853423406566,,2019,7,3,0 days 00:02:16.400066665,0 days 00:02:00.479590805
3507735,0 days 00:19:37.998455983,4.85302471252817,19.197368028086494,0.53289030670789,,2019,7,4,0 days 00:02:14.686538952,0 days 00:01:59.676977323
3744066,0 days 00:18:18.265658778,4.8190731490844465,17.90634634111685,0.47199919018521563,,2019,7,5,0 days 00:02:13.976862595,0 days 00:01:56.836925886
2677658,0 days 00:17:42.342726741,5.010811166325201,17.619810498577493,0.4613043600041529,,2019,7,6,0 days 00:03:05.714247506,0 days 00:01:27.858657350
2835094,0 days 00:19:09.054066637,5.003116858559187,22.643462181500865,0.6426118357980372,,2019,8,0,0 days 00:02:28.299989113,0 days 00:01:56.090992537
2343121,0 days 00:20:20.013211438,4.841327947212282,22.780234170578467,0.6674493890840463,,2019,8,1,0 days 00:02:26.222803056,0 days 00:01:56.460439215
2461141,0 days 00:20:17.839833638,4.795623789535019,22.81189056620486,0.6773116615423496,,2019,8,2,0 days 00:02:17.424320381,0 days 00:01:57.433193943
2674079,0 days 00:21:07.172545762,4.830002387364024,23.966467467864636,0.7018766386482973,,2019,8,3,0 days 00:02:31.624679011,0 days 00:01:58.494603534
2962714,0 days 00:21:04.355041694,4.677880831224343,23.081079753226252,0.635617768032959,,2019,8,4,0 days 00:02:39.018044503,0 days 00:01:58.188078835
3261687,0 days 00:19:01.885680017,4.704551683530638,21.504001867745124,0.5486246166477654,,2019,8,5,0 days 00:02:19.082121646,0 days 00:01:56.070124983
3531484,0 days 00:18:31.602323838,5.084289639426369,21.899499301143678,0.5510744604817691,,2019,8,6,0 days 00:02:35.188860523,0 days 00:01:54.032623122
2280386,0 days 00:18:56.111403069,5.037846639998669,22.646667515938095,0.6752457040167763,,2019,9,0,0 days 00:02:16.346509027,0 days 00:01:53.587006563
2954102,0 days 00:19:10.975307893,4.753238997502454,22.559693670022217,0.6754215324995548,,2019,9,1,0 days 00:02:13.575032314,0 days 00:01:53.796333256
3235749,0 days 00:19:54.516622271,4.6380810594394095,23.07546545482977,0.7004369312947328,,2019,9,2,0 days 00:02:29.716721477,0 days 00:01:55.058364408
3430764,0 days 00:20:59.350699727,4.733460815433526,23.61016593971486,0.6939217591183768,,2019,9,3,0 days 00:02:28.714462253,0 days 00:01:54.885238863
2989697,0 days 00:20:56.661700500,4.768572280736142,23.34800760411508,0.6672180224283598,,2019,9,4,0 days 00:02:25.886016342,0 days 00:01:55.733189920
3319035,0 days 00:19:11.452571605,4.71500247089892,21.66872056185006,0.5743450822302265,,2019,9,5,0 days 00:02:15.303915723,0 days 00:01:53.961609976
2952557,0 days 00:18:16.693532080,5.006941328143705,22.166703437054725,0.581008386967635,,2019,9,6,0 days 00:02:27.309448688,0 days 00:01:53.682032619
2461891,0 days 00:19:24.558100663,4.831731030333998,21.789073842018187,0.6503267894476237,,2019,10,0,0 days 00:02:40.387320408,0 days 00:01:44.934602861
2560189,0 days 00:19:52.359608216,4.688831875302958,21.96559710240142,0.6656003834091936,,2019,10,1,0 days 00:02:35.530622355,0 days 00:01:44.448822055
2696241,0 days 00:19:47.954078659,4.694019082493,22.325897885240966,0.672499694945667,,2019,10,2,0 days 00:02:33.004133844,0 days 00:01:43.398192712
2803684,0 days 00:19:44.814584311,4.821182633278216,23.173579137306483,0.6978342637758036,,2019,10,3,0 days 00:02:42.591124473,0 days 00:01:41.926320067
3869982,0 days 00:19:30.355920001,4.561026235780942,21.7347422391112,0.6050112145224447,,2019,10,4,0 days 00:02:37.741686718,0 days 00:01:44.850800540
4222271,0 days 00:18:22.117465932,4.559508878752692,20.514740538918513,0.5554282991309655,,2019,10,5,0 days 00:02:23.015525360,0 days 00:01:46.434691341
3021310,0 days 00:17:36.324288573,4.902785607236599,20.970116803638156,0.5639884553389094,,2019,10,6,0 days 00:02:34.234162858,0 days 00:01:44.739531890
3283851,0 days 00:18:47.329855100,4.464287204870138,22.22559543657737,0.664721474878123,,2019,11,0,0 days 00:02:56.806299348,0 days 00:01:45.233995307
3465875,0 days 00:18:37.816725357,4.454793779060121,22.48377045911926,0.6853032235726909,,2019,11,1,0 days 00:02:56.161857243,0 days 00:01:43.843671421
2650123,0 days 00:19:14.838643338,4.643061869581147,23.801029027709266,0.7505966553250547,,2019,11,2,0 days 00:03:06.512582132,0 days 00:01:42.778646106
2815077,0 days 00:20:14.799838867,4.645553387704848,25.10449955365342,0.780140116948844,,2019,11,3,0 days 00:03:12.295590963,0 days 00:01:42.540308363
3121442,0 days 00:20:00.776627597,4.506825974982075,24.09060932094845,0.7063718178969849,,2019,11,4,0 days 00:03:14.481393365,0 days 00:01:43.025005008
3318103,0 days 00:18:25.019676905,4.507858509214448,22.12728463824058,0.6261582295667133,,2019,11,5,0 days 00:02:48.660401817,0 days 00:01:43.584508867
3589430,0 days 00:17:31.280150887,4.7691130240734605,21.437029748455878,0.5928907876738088,,2019,11,6,0 days 00:02:41.883508503,0 days 00:01:46.193561574
2331886,0 days 00:17:14.728760754,4.672979376350304,21.349086117417407,0.6294541800070844,,2020,0,0,0 days 00:02:24.452207122,0 days 00:01:44.576969870
2403400,0 days 00:17:33.137012149,4.530701126737119,21.25296936007322,0.6411481110094033,,2020,0,1,0 days 00:02:24.670377428,0 days 00:01:44.672310596
3190749,0 days 00:17:19.153809340,4.5886583736295155,22.43924013766045,0.6413329127424313,,2020,0,2,0 days 00:02:33.849025493,0 days 00:01:44.956453595
3188689,0 days 00:18:04.043813931,4.621382832254889,22.06945253362745,0.6548269461211176,,2020,0,3,0 days 00:02:23.808525014,0 days 00:01:45.329957964
3638468,0 days 00:18:03.874039293,4.460695993753416,21.20646458619396,0.5945368710127449,,2020,0,4,0 days 00:02:23.534206922,0 days 00:01:46.003848531
3127714,0 days 00:16:32.746078445,4.343836944490448,20.011142287945766,0.5489746600872074,,2020,0,5,0 days 00:02:19.543833477,0 days 00:01:45.859401357
2688462,0 days 00:16:20.528469809,4.742620029593122,20.56396638672969,0.547702627003841,,2020,0,6,0 days 00:02:22.275702374,0 days 00:01:44.710562746
2507563,0 days 00:17:45.849880940,4.750618161537714,21.233128511626646,0.6388200775015422,,2020,1,0,0 days 00:02:48.626729326,0 days 00:01:45.147335124
2573811,0 days 00:18:00.642098817,4.533596501063987,20.878943760827823,0.6466967154930958,,2020,1,1,0 days 00:02:43.843179452,0 days 00:01:46.301757822
2699350,0 days 00:18:00.552382610,4.591935573378778,21.190452490414355,0.6486584548131956,,2020,1,2,0 days 00:02:39.331029925,0 days 00:01:46.193987090
2998520,0 days 00:18:48.068385736,4.574999287982068,21.961129483878718,0.658618881981778,,2020,1,3,0 days 00:02:49.970705005,0 days 00:01:46.571564479
3455248,0 days 00:18:31.110712747,4.384440463607822,21.28956067987015,0.5909802017105573,,2020,1,4,0 days 00:03:00.380392067,0 days 00:01:45.828719731
4454380,0 days 00:16:55.893791728,4.399210680947742,19.50472064574643,0.5302043494268563,,2020,1,5,0 days 00:02:33.490865402,0 days 00:01:47.489393141
3036228,0 days 00:16:22.874480770,4.73381279864358,20.191466480778125,0.5337022944258468,,2020,1,6,0 days 00:02:42.431836186,0 days 00:01:46.929257321
1963686,0 days 00:17:01.097945903,4.685236554622275,20.532257657283303,0.5424154931083688,,2020,2,0,0 days 00:02:41.041439011,0 days 00:01:46.148248785
1907048,0 days 00:17:02.801407201,4.505564614524649,20.321955965450268,0.5508128636510461,,2020,2,1,0 days 00:02:33.137289387,0 days 00:01:45.708833145
1747007,0 days 00:17:22.992410448,4.581714726386326,20.611234843363547,0.5631811778659158,,2020,2,2,0 days 00:02:25.778922426,0 days 00:01:46.497817185
1769294,0 days 00:17:49.084976832,4.624387028385333,21.296538947173275,0.5672171498914257,,2020,2,3,0 days 00:02:30.143987455,0 days 00:01:47.527359515
1956453,0 days 00:17:37.565193234,4.454647287208025,20.679496931436624,0.5209713803500519,,2020,2,4,0 days 00:02:41.093126661,0 days 00:01:48.123646332
1816472,0 days 00:15:48.439539392,4.520637967995106,19.068747495144443,0.46702475457920634,,2020,2,5,0 days 00:02:18.960338549,0 days 00:01:49.585681802
2232968,0 days 00:15:58.085463383,4.8206609861851994,19.82235020385425,0.48328574345893005,,2020,2,6,0 days 00:02:39.652034555,0 days 00:01:49.579793817
574756,0 days 00:13:45.405159754,4.640125639401764,20.117628089136957,0.4602603191615224,,2020,3,0,0 days 00:02:50.426074954,0 days 00:01:45.007384710
569136,0 days 00:13:52.327282055,4.626537497188721,19.878384568890397,0.4662146481684519,,2020,3,1,0 days 00:02:31.356516152,0 days 00:01:47.147503226
725392,0 days 00:13:50.229478681,4.627299484968127,19.982125402540973,0.4604960214614994,,2020,3,2,0 days 00:02:30.508362865,0 days 00:01:47.318005298
741961,0 days 00:13:48.024454115,4.604895130606597,19.997623783460316,0.4594640688661534,,2020,3,3,0 days 00:02:27.864462751,0 days 00:01:46.491059392
647625,0 days 00:13:48.566648909,4.593176517274656,20.071143377726308,0.452813495464196,,2020,3,4,0 days 00:02:46.267354891,0 days 00:01:46.079331001
565298,0 days 00:13:21.917447081,4.540812596188205,19.119860516046405,0.42185569381105187,,2020,3,5,0 days 00:02:40.128525215,0 days 00:01:49.777759087
488741,0 days 00:13:13.536576632,4.628062229278903,19.399617957159304,0.401480825222357,,2020,3,6,0 days 00:03:08.375007340,0 days 00:01:45.759169312
724551,0 days 00:14:50.022925922,4.746875469083611,21.263047169902475,0.48339240439941417,,2020,4,0,0 days 00:02:25.502738311,0 days 00:01:47.539450937
741927,0 days 00:15:11.039569930,4.69436709945857,21.25535095770877,0.506531208595994,,2020,4,1,0 days 00:02:09.409771908,0 days 00:01:48.317197234
767706,0 days 00:15:13.883043769,4.677297839277013,21.130199112681154,0.5068992687304776,,2020,4,2,0 days 00:02:04.124362933,0 days 00:01:48.909530288
780463,0 days 00:15:23.181107880,4.724418177415202,21.49870282127404,0.5193594571427472,,2020,4,3,0 days 00:02:02.294717198,0 days 00:01:49.727795191
1110793,0 days 00:15:29.855716591,4.700928746400096,21.60598709210447,0.5139599277273084,,2020,4,4,0 days 00:02:18.479382282,0 days 00:01:48.742869990
1032012,0 days 00:14:41.842766363,4.6851081625019875,20.914485316062205,0.4865451564516692,,2020,4,5,0 days 00:02:27.040969482,0 days 00:01:48.834747189
932546,0 days 00:14:24.379597360,4.789087009112685,21.275192558865715,0.46404894771946903,,2020,4,6,0 days 00:03:03.192761215,0 days 00:01:45.227520039
1198435,0 days 00:16:28.755332579,4.836425639271219,23.54081094927969,0.5721766136669908,,2020,5,0,0 days 00:03:19.295865370,0 days 00:01:43.287169772
1214722,0 days 00:16:39.808295231,4.725669696440833,23.137744232836816,0.5813275136204004,,2020,5,1,0 days 00:03:05.724782666,0 days 00:01:43.708904949
959816,0 days 00:16:33.508519341,4.742008496420147,22.94508688123557,0.5752585078806771,,2020,5,2,0 days 00:02:49.834779167,0 days 00:01:45.394915822
995523,0 days 00:16:47.876138471,4.781441693461625,23.188734072442315,0.5787239370662456,,2020,5,3,0 days 00:02:49.812752703,0 days 00:01:45.694074582
1117418,0 days 00:17:32.223627147,4.857797649581446,24.890966111159837,0.6018569595263366,,2020,5,4,0 days 00:03:14.698995938,0 days 00:01:45.011319040
1100596,0 days 00:15:55.137317417,4.922750099037251,24.066544881137123,0.5605885629240884,,2020,5,5,0 days 00:03:10.094912120,0 days 00:01:45.316219560
968683,0 days 00:15:21.549455291,5.012841994749572,24.480948029437922,0.5356753654188212,,2020,5,6,0 days 00:03:35.609009492,0 days 00:01:43.307372199
1149799,0 days 00:16:17.531626832,4.665414482009467,23.293503838497003,0.5251231476110172,,2020,6,0,0 days 00:03:31.027777091,0 days 00:01:42.648517806
1205144,0 days 00:16:38.273444501,4.57008736217415,22.859471830752177,0.5273480430554356,,2020,6,1,0 days 00:03:19.976927264,0 days 00:01:42.654567112
1573524,0 days 00:16:51.937520495,4.565330535791004,23.090117500591028,0.5459406529547691,,2020,6,2,0 days 00:03:15.760858210,0 days 00:01:43.323375326
1633066,0 days 00:17:08.239672493,4.648337318883622,23.506544854892574,0.5476418956735367,,2020,6,3,0 days 00:03:08.935223975,0 days 00:01:43.826253136
1745491,0 days 00:16:54.856895853,4.632158962148758,23.988202356815382,0.5397131122417703,,2020,6,4,0 days 00:03:26.243028297,0 days 00:01:43.395135125
1406146,0 days 00:15:44.437421149,4.815558117009188,24.074557293481618,0.5157278689410629,,2020,6,5,0 days 00:03:28.846192548,0 days 00:01:44.342459015
1245284,0 days 00:15:22.594207425,4.951883252334408,24.34243777323083,0.481023943132651,,2020,6,6,0 days 00:03:39.672679812,0 days 00:01:44.233539134
1611808,0 days 00:17:06.790795801,4.682887719256883,22.016746684468615,0.44903824773173967,,2020,7,0,0 days 00:02:28.800959044,0 days 00:01:47.955675192
1300802,0 days 00:17:00.991443740,4.620204397748466,22.15864150731625,0.4784575976974204,,2020,7,1,0 days 00:02:20.129443750,0 days 00:01:48.580752903
1361622,0 days 00:17:31.191156576,4.5559576923698355,22.286475093675044,0.4694448092054917,,2020,7,2,0 days 00:02:15.559084487,0 days 00:01:49.062535009
1414680,0 days 00:17:49.078279893,4.616394750756354,22.407319711878298,0.4558087270619504,,2020,7,3,0 days 00:02:12.743934419,0 days 00:01:49.759816064
1619384,0 days 00:18:15.831262381,4.637852609387273,22.731147244878297,0.44753806385637995,,2020,7,4,0 days 00:02:29.337884925,0 days 00:01:48.709355457
2048839,0 days 00:16:25.225032323,4.8059171223312305,22.865186942458628,0.44171199884422335,,2020,7,5,0 days 00:02:34.889433768,0 days 00:01:49.139835749
1739716,0 days 00:15:51.590751019,4.92498494984239,22.770150047479,0.41751189849377723,,2020,7,6,0 days 00:02:48.423692717,0 days 00:01:48.191929647
1377962,0 days 00:16:48.735131302,4.78644048747353,21.965330691267226,0.495775812395407,,2020,8,0,0 days 00:02:50.831018036,0 days 00:01:35.757662172
1802606,0 days 00:17:49.994791984,4.526258074143767,21.938537284353878,0.5028621562338083,,2020,8,1,0 days 00:02:38.552807648,0 days 00:01:37.020489690
1892163,0 days 00:17:53.675451850,4.525043873070134,21.915994985632842,0.5048345729199863,,2020,8,2,0 days 00:02:31.716540929,0 days 00:01:37.719280558
1601735,0 days 00:18:09.439902355,4.543996054902961,22.275576003521188,0.49590394166325885,,2020,8,3,0 days 00:02:24.879081160,0 days 00:01:47.783434179
1824723,0 days 00:18:54.166323874,4.6565795882443535,23.052373193081902,0.5096362297181545,,2020,8,4,0 days 00:02:54.922735188,0 days 00:01:46.239045277
1972263,0 days 00:17:11.742724474,4.819280050885708,22.319147639031915,0.4946066827801364,,2020,8,5,0 days 00:03:02.730774905,0 days 00:01:46.060983028
1635214,0 days 00:16:11.360747278,4.968957008073558,22.306626637247476,0.4710079170065814,,2020,8,6,0 days 00:03:07.267995812,0 days 00:01:45.369565420
1421435,0 days 00:16:47.234052911,4.529447914255666,21.83612893308523,0.5150844252463179,,2020,9,0,0 days 00:02:49.884696680,0 days 00:01:15.633207247
1442439,0 days 00:17:19.009235745,4.420790282292699,22.18861530366275,0.5322650940525042,,2020,9,1,0 days 00:02:35.779619175,0 days 00:01:18.109948190
1536093,0 days 00:17:34.932769044,4.426453324115142,22.289389958811103,0.5318214847668727,,2020,9,2,0 days 00:02:30.553138681,0 days 00:01:18.946466516
2121405,0 days 00:18:06.723446960,4.432349246372099,22.589242930982074,0.5429615938493593,,2020,9,3,0 days 00:02:49.981396579,0 days 00:01:15.964677315
2467338,0 days 00:18:02.120646218,4.407375581294496,22.55075599694893,0.5223364046595966,,2020,9,4,0 days 00:03:06.388256635,0 days 00:01:13.922371624
2638208,0 days 00:17:01.520234568,4.627333381219375,22.45226902882564,0.4971191429940322,,2020,9,5,0 days 00:03:16.271547455,0 days 00:01:13.792528833
1641490,0 days 00:15:58.142031934,4.861016436286543,23.165428330358388,0.4932504249188238,,2020,9,6,0 days 00:03:02.702907355,0 days 00:01:15.777765705
1724985,0 days 00:17:12.221610042,4.51407373281507,22.097414655779602,0.5254632417093482,,2020,10,0,0 days 00:02:53.255156068,0 days 00:01:00.177456058
1432160,0 days 00:17:13.554331219,4.437847302675681,22.326994909786613,0.5360677438275052,,2020,10,1,0 days 00:02:55.031651447,0 days 00:01:00.869814874
1489715,0 days 00:17:09.123528408,4.43176335272183,22.33676918068221,0.5278876899272679,,2020,10,2,0 days 00:02:48.740834902,0 days 00:01:02.227333715
1547092,0 days 00:17:07.305184572,4.578007199959666,22.920675124685534,0.5505113076662538,,2020,10,3,0 days 00:03:03.042180081,0 days 00:01:02.594332510
1691237,0 days 00:17:36.233650280,4.51983428815713,22.706472445907938,0.5031997466942836,,2020,10,4,0 days 00:03:05.748727329,0 days 00:00:58.657832182
1785826,0 days 00:16:49.982524613,4.638343418115762,22.616514100477872,0.4971435011025711,,2020,10,5,0 days 00:03:04.377126779,0 days 00:00:59.266754614
1925841,0 days 00:15:50.016373540,4.818512370958974,22.741752984799895,0.4669344613599981,,2020,10,6,0 days 00:03:27.190924077,0 days 00:01:01.001710891
1349270,0 days 00:17:07.820207223,4.511561498439897,21.85818294336937,0.518310078783342,,2020,11,0,0 days 00:03:16.728300701,0 days 00:00:58.641825488
1776645,0 days 00:17:17.713085056,4.402169437901215,21.895180601639602,0.5200203248257248,,2020,11,1,0 days 00:03:11.869671544,0 days 00:00:58.308847407
1844697,0 days 00:17:31.622519579,4.38038336648241,21.99143629550003,0.5357706387553077,,2020,11,2,0 days 00:03:29.072220388,0 days 00:00:59.048669990
1948553,0 days 00:16:45.104649963,4.455840451350311,21.840711764062863,0.5312779944912969,,2020,11,3,0 days 00:03:50.734671217,0 days 00:00:59.961071438
1683314,0 days 00:17:16.350098080,4.537286206257416,22.175637866731936,0.525207394461164,,2020,11,4,0 days 00:04:02.241705026,0 days 00:00:58.759784006
1639147,0 days 00:16:07.250317390,4.5598750185309775,21.245935147976347,0.46506380452759877,,2020,11,5,0 days 00:03:13.668238079,0 days 00:01:01.549517475
1395488,0 days 00:15:43.869179813,4.746637128373729,21.796742515879764,0.4617712871769589,,2020,11,6,0 days 00:03:32.725801636,0 days 00:01:00.673079110
1344051,0 days 00:15:54.616413365,4.586435376336164,21.292747023736457,0.5161711199947026,,2021,0,0,0 days 00:03:13.220151808,0 days 00:00:55.826678596
1412793,0 days 00:16:02.263167357,4.403209170062423,21.063639068143743,0.5129894046757026,,2021,0,1,0 days 00:03:06.496193521,0 days 00:00:56.067304140
1488837,0 days 00:16:06.738514021,4.379918975012036,21.037409078361154,0.5093195964366819,,2021,0,2,0 days 00:03:07.055724806,0 days 00:00:55.837246357
1548584,0 days 00:16:33.074056686,4.439518940528894,21.426791120145893,0.5229121700857041,,2021,0,3,0 days 00:03:07.687004268,0 days 00:00:55.903869225
2202095,0 days 00:16:18.956973245,4.484444848201373,21.66154251746633,0.5011276897681525,,2021,0,4,0 days 00:03:39.917476851,0 days 00:00:56.174435815
2117653,0 days 00:15:30.820429031,4.550184459871377,20.99071111744935,0.4826598739264649,,2021,0,5,0 days 00:03:09.628315917,0 days 00:00:58.038235344
1794451,0 days 00:15:01.364163747,4.704734676511087,21.385063760448194,0.46763227304618515,,2021,0,6,0 days 00:03:35.128844952,0 days 00:00:57.341019728
1322741,0 days 00:16:35.906418565,4.4443068824509115,23.562685083474385,0.5930302001676822,,2021,1,0,0 days 00:04:13.919719432,0 days 00:00:54.172317656
1456802,0 days 00:16:34.758166174,4.367532929663742,22.681568833650694,0.570322260677841,,2021,1,1,0 days 00:04:06.653576442,0 days 00:00:53.046935683
1653664,0 days 00:17:44.590696175,4.441683183524588,23.587057824322237,0.5554163421347988,,2021,1,2,0 days 00:04:12.373914409,0 days 00:00:51.617735703
1657378,0 days 00:17:42.674179939,4.441361253739339,23.622999291652253,0.5621005226327367,,2021,1,3,0 days 00:04:21.430411034,0 days 00:00:51.795488688
1911711,0 days 00:17:30.192287955,4.469461507518655,23.990572576084965,0.5751380674170938,,2021,1,4,0 days 00:04:40.077582021,0 days 00:00:51.080829497
1988224,0 days 00:16:15.859721540,4.517525578103877,22.974288646550896,0.5228830302823022,,2021,1,5,0 days 00:04:33.631825856,0 days 00:00:52.566432734
1623421,0 days 00:15:25.237760876,4.666690463533491,24.279156047630273,0.5221710511321463,,2021,1,6,0 days 00:04:57.573006648,0 days 00:00:52.999088650
1959789,0 days 00:16:53.178790165,4.699859438439545,23.703474455668434,0.5691971431618403,,2021,2,0,0 days 00:04:17.417664203,0 days 00:00:51.900689090
2091635,0 days 00:17:14.441622940,4.548328357003017,23.369471437416177,0.5678557109629547,,2021,2,1,0 days 00:04:11.361221872,0 days 00:00:52.479987744
2246944,0 days 00:17:24.764912254,4.531816450699261,23.87275113665494,0.5876231539370808,,2021,2,2,0 days 00:04:12.370026928,0 days 00:00:52.875757951
1873504,0 days 00:17:45.106206872,4.57980138499838,24.184226961885322,0.5868595583462859,,2021,2,3,0 days 00:04:13.202807188,0 days 00:00:52.661673506
2087988,0 days 00:18:15.121879531,4.609715426046509,25.403420527321046,0.5908848997216458,,2021,2,4,0 days 00:04:39.782871097,0 days 00:00:52.340262667
2197412,0 days 00:16:59.519041490,4.691028066652956,24.999578194712676,0.5671277848669253,,2021,2,5,0 days 00:04:46.975130989,0 days 00:00:53.254167647
1770121,0 days 00:16:01.897298546,4.886222378583156,24.198192423003864,0.5272698081091631,,2021,2,6,0 days 00:04:32.222788365,0 days 00:00:55.377236113
1594501,0 days 00:17:33.911000369,4.76287772600958,25.803296855881545,0.6570751852774004,,2021,3,0,0 days 00:04:21.125956384,0 days 00:00:58.033098138
1679001,0 days 00:18:08.584856113,4.6394654863219245,26.012731368236228,0.6645661616639893,,2021,3,1,0 days 00:04:25.345001664,0 days 00:00:58.261463155
1798766,0 days 00:18:06.438277685,4.617801010248139,25.851704857663528,0.6730887230467999,,2021,3,2,0 days 00:04:13.523457070,0 days 00:00:58.893321603
2375499,0 days 00:18:09.532653981,4.627475800663357,25.97690384209803,0.6873467048396991,,2021,3,3,0 days 00:04:10.464306453,0 days 00:00:58.908210760
2632017,0 days 00:18:22.327279801,4.6051347681264945,27.11036101970467,0.6818161812784643,,2021,3,4,0 days 00:04:20.158692372,0 days 00:00:59.145332123
2204582,0 days 00:17:31.416858161,4.713735258656746,26.981829203903512,0.6487168043647277,,2021,3,5,0 days 00:04:41.985839784,0 days 00:00:58.744476364
1827005,0 days 00:16:08.257051841,4.935791229909058,26.214472746380014,0.6143162881327637,,2021,3,6,0 days 00:04:12.380290913,0 days 00:01:00.908160463
1962854,0 days 00:17:33.427993116,4.982691951107928,26.82556486116645,0.7384546430860369,,2021,4,0,0 days 00:04:34.870123282,0 days 00:00:57.570295584
1708313,0 days 00:18:21.291863961,4.739584979450487,26.18644583867244,0.7289538275479963,,2021,4,1,0 days 00:04:16.339614577,0 days 00:00:57.423276899
1878155,0 days 00:18:48.630920238,4.666330328434019,27.02234908194478,0.7458408491311952,,2021,4,2,0 days 00:04:29.849355130,0 days 00:00:57.714020939
1888951,0 days 00:19:37.620686825,4.868964251057863,28.71134163353099,0.7973599209296587,,2021,4,3,0 days 00:04:44.461222349,0 days 00:00:57.235797575
2120295,0 days 00:19:25.573638573,4.76780833704744,29.297082368255385,0.8040550112130622,,2021,4,4,0 days 00:05:22.639801474,0 days 00:00:57.443750320
2791576,0 days 00:17:29.360358808,4.796289224796314,28.622761372070826,0.7704133149160188,,2021,4,5,0 days 00:05:22.059565317,0 days 00:00:58.587609147
2369027,0 days 00:16:55.563500542,5.047218442845945,29.229874817804948,0.7444658545470355,,2021,4,6,0 days 00:05:38.430237720,0 days 00:00:58.506647329
1697156,0 days 00:18:23.558934476,4.976319964693878,28.810837065066522,0.8704661386460644,,2021,5,0,0 days 00:04:57.330487636,0 days 00:00:58.183782789
2258483,0 days 00:18:57.701054513,4.765149029680543,28.488012728012556,0.8710269902407942,,2021,5,1,0 days 00:04:47.593267658,0 days 00:00:58.481413339
2389256,0 days 00:19:15.827192649,4.785167811234966,28.334911834479044,0.8690853972952247,,2021,5,2,0 days 00:04:29.957664580,0 days 00:00:59.537576540
2024936,0 days 00:20:01.907694860,4.8323257619006235,28.680665561775804,0.8905728823034408,,2021,5,3,0 days 00:04:25.179200319,0 days 00:01:00.103896866
2175164,0 days 00:20:12.801880134,4.821951859721842,29.85034523833606,0.8957615149938123,,2021,5,4,0 days 00:04:59.570258371,0 days 00:00:59.544770174
2393398,0 days 00:18:42.852524736,4.919747649993854,30.80153483039594,0.8847312273178131,,2021,5,5,0 days 00:05:37.452970344,0 days 00:00:58.480138120
2023499,0 days 00:17:54.507219425,5.26525857190935,32.03203716927956,0.89644473261415,,2021,5,6,0 days 00:05:40.528701252,0 days 00:00:58.642520300
1621822,0 days 00:17:45.737051908,5.164834630434167,28.854578245948094,0.8879843534000649,,2021,6,0,0 days 00:05:09.709519309,0 days 00:00:58.752050793
1710281,0 days 00:18:09.228683473,4.889621678542882,28.971113454455743,0.9216945870298506,,2021,6,1,0 days 00:05:18.868304942,0 days 00:00:58.189771456
1841654,0 days 00:18:31.258910740,4.881893990402106,28.407769515880833,0.9154216915881049,,2021,6,2,0 days 00:04:48.242177328,0 days 00:00:59.344766060
2450717,0 days 00:19:28.941891699,4.854946061499548,29.41646912719828,0.9425447450684837,,2021,6,3,0 days 00:04:48.166686454,0 days 00:01:00.570170802
2671369,0 days 00:19:08.813546911,4.851367523543172,29.2059080718538,0.8988852943939982,,2021,6,4,0 days 00:05:07.450969298,0 days 00:01:00.784413935
2815780,0 days 00:17:57.984504826,4.925150865834689,29.190794596879037,0.8678306188693721,,2021,6,5,0 days 00:05:26.317346564,0 days 00:01:00.034029349
1915551,0 days 00:17:22.302552111,5.266298696302006,30.42069231255134,0.8694457782643219,,2021,6,6,0 days 00:05:28.750417059,0 days 00:00:59.507756927
1945612,0 days 00:17:54.684159534,5.14478112799469,28.959316919303536,0.9265939252019415,,2021,7,0,0 days 00:05:31.443358544,0 days 00:00:57.590660434
2143153,0 days 00:18:28.746976534,4.925274992032766,28.264950430510563,0.914891078705067,,2021,7,1,0 days 00:05:07.709893149,0 days 00:00:57.989913171
1827621,0 days 00:18:26.528584974,4.895974679104695,27.808338561441335,0.9094087012569896,,2021,7,2,0 days 00:04:51.557532366,0 days 00:00:59.353428248
1918821,0 days 00:19:00.664265713,4.9668812531236615,28.44631700403528,0.9426283744028234,,2021,7,3,0 days 00:04:57.867649213,0 days 00:00:58.527419761
2128661,0 days 00:19:08.508448268,4.905454562750949,28.942348542111674,0.9278072694524864,,2021,7,4,0 days 00:05:14.513791625,0 days 00:00:59.030401096
2251597,0 days 00:17:48.433290237,4.94217370914955,29.882584414528882,0.9430070700929163,,2021,7,5,0 days 00:05:39.723094311,0 days 00:00:59.060873282
2284231,0 days 00:17:21.789109332,5.239756315801688,30.412462215949265,0.8955053363692201,,2021,7,6,0 days 00:05:49.963259619,0 days 00:00:58.831172890
1676741,0 days 00:19:03.297466334,5.169452162856397,30.577184955816055,1.0074466360636498,,2021,8,0,0 days 00:04:59.370987867,0 days 00:00:59.704990193
1714154,0 days 00:18:56.629155840,4.844139043516509,28.249033896604388,0.986862895632481,,2021,8,1,0 days 00:04:14.025536933,0 days 00:01:00.747911182
2333781,0 days 00:18:54.659111544,4.753195227401375,28.60061186118149,1.022334589235237,,2021,8,2,0 days 00:04:17.992737195,0 days 00:01:02.206532323
2453974,0 days 00:20:29.550564512,5.001244464692782,32.064410474601594,1.1288649675994935,,2021,8,3,0 days 00:04:43.548137552,0 days 00:01:01.165526841
2203198,0 days 00:21:02.968165820,4.950548921613037,31.497996584964213,1.0547536898635523,,2021,8,4,0 days 00:05:09.769956491,0 days 00:01:00.342052511
2432249,0 days 00:18:37.170864496,4.907072321953877,29.20027893525705,0.9417409854007546,,2021,8,5,0 days 00:05:06.888259784,0 days 00:01:00.096782267
2071958,0 days 00:18:03.839607270,5.27395487891164,30.780534397898037,0.9591658759492226,,2021,8,6,0 days 00:05:16.145618229,0 days 00:00:59.517480845
1732360,0 days 00:18:57.088007688,5.0158608008728,27.889453797132223,0.9970139982451687,,2021,9,0,0 days 00:03:45.061401269,0 days 00:01:01.334591456
1799639,0 days 00:18:55.100481818,4.706448599969218,27.813188433902578,1.0110825115481494,,2021,9,1,0 days 00:03:36.701526566,0 days 00:01:01.108532862
1893368,0 days 00:19:59.804628414,4.828185928990034,28.19022400294082,1.0390326127831462,,2021,9,2,0 days 00:03:22.897474772,0 days 00:01:01.535795300
2083889,0 days 00:20:51.464431646,4.922301064500077,29.430146293780524,1.0933229888924025,,2021,9,3,0 days 00:03:30.809502166,0 days 00:01:01.828703516
2976714,0 days 00:20:34.093444986,4.75258932735896,29.49766631594436,1.0369149773878172,,2021,9,4,0 days 00:03:58.529665921,0 days 00:01:01.076724894
3291058,0 days 00:18:27.727956480,4.738586651465879,27.939223477678016,0.9558898415038567,,2021,9,5,0 days 00:03:52.444920426,0 days 00:01:01.334531090
2768328,0 days 00:17:49.324030244,5.200231148548875,29.65972347929872,0.9817792075216522,,2021,9,6,0 days 00:03:59.939097501,0 days 00:01:00.779361994
2362189,0 days 00:19:26.761797637,5.058485376064321,28.666944452793565,1.0192181658622574,,2021,10,0,0 days 00:04:06.273695213,0 days 00:01:02.248598735
2407197,0 days 00:19:51.064431369,4.887954048214581,28.84396794695242,1.048557504849001,,2021,10,1,0 days 00:04:00.221451773,0 days 00:01:02.503187941
2044505,0 days 00:20:16.612919508,4.901413771548613,28.826879004942484,1.0348347301669598,,2021,10,2,0 days 00:03:46.933219059,0 days 00:01:03.638040717
2127671,0 days 00:19:28.831214036,5.1269193850929,29.438590830067223,1.0714413553599216,,2021,10,3,0 days 00:04:11.742945552,0 days 00:01:03.407229331
2366883,0 days 00:19:17.763292482,4.777656352679874,27.935171299130534,0.9709591390871453,,2021,10,4,0 days 00:04:13.229798604,0 days 00:01:03.199140006
2569689,0 days 00:18:20.345994009,4.790836660778792,27.751188264416427,0.9553863599836396,,2021,10,5,0 days 00:04:23.036064438,0 days 00:01:01.958561088
2163505,0 days 00:18:11.677929002,5.363558338899146,29.907664054393223,1.015482021072288,,2021,10,6,0 days 00:04:40.021794393,0 days 00:01:01.920274405
1819352,0 days 00:18:20.449466623,4.976040710648624,27.676348392174795,1.0442080477005,,2021,11,0,0 days 00:03:55.125971354,0 days 00:01:03.370165377
1832665,0 days 00:18:35.871509523,4.918276381662764,27.891740454474743,1.0710284094474443,,2021,11,1,0 days 00:03:39.391988727,0 days 00:01:03.826704230
2470560,0 days 00:18:59.161373534,4.917716289019494,28.264204415193316,1.0698979664529498,,2021,11,2,0 days 00:03:39.254258365,0 days 00:01:04.392215919
2609310,0 days 00:19:38.245676443,5.034374980742032,29.013494076978173,1.097366713805566,,2021,11,3,0 days 00:03:41.269977035,0 days 00:01:04.861756800
2876356,0 days 00:18:42.508508334,4.944266158291955,27.918177277082513,1.0387582900030456,,2021,11,4,0 days 00:03:57.682902669,0 days 00:01:04.813550111
2404351,0 days 00:17:59.823069926,4.896952274023223,28.055068640144462,1.0211632494590017,,2021,11,5,0 days 00:04:09.507973506,0 days 00:01:04.447702252
2041901,0 days 00:17:32.694413686,5.232092845343628,29.880245854230935,1.081137635957865,,2021,11,6,0 days 00:04:08.094964614,0 days 00:01:03.230289654
2161563,0 days 00:17:04.722993963,4.77717666845704,25.040094959064348,0.8059426257758853,,2022,0,0,0 days 00:03:16.558141614,0 days 00:01:05.587267702
1724088,0 days 00:16:58.108165012,4.566462278027573,24.0217377593255,0.7977630318174017,,2022,0,1,0 days 00:02:49.787031561,0 days 00:01:06.643901403
1771234,0 days 00:17:17.492867119,4.546113841536469,24.14386829746944,0.8013360007768595,,2022,0,2,0 days 00:02:43.355197243,0 days 00:01:07.374400488
1897828,0 days 00:17:38.841514005,4.612498218489768,24.59111758810597,0.8018401983741414,,2022,0,3,0 days 00:02:44.129705259,0 days 00:01:07.464658478
2247779,0 days 00:17:41.155811650,4.479036343875446,24.757283536326273,0.8013723858083912,,2022,0,4,0 days 00:03:16.241870951,0 days 00:01:06.637341325
2604442,0 days 00:15:58.893001991,4.51477277052052,25.522157982400834,0.8230246402108398,,2022,0,5,0 days 00:03:41.538533846,0 days 00:01:07.810427066
2344657,0 days 00:16:05.928703400,4.909117675634435,25.75899715821972,0.8077651741811276,,2022,0,6,0 days 00:03:31.040903006,0 days 00:01:06.787815634
2050037,0 days 00:18:20.929433468,4.833315436257983,26.746206151401154,0.8847417095398764,,2022,1,0,0 days 00:03:49.351117210,0 days 00:01:03.970761476
1984740,0 days 00:18:33.963269748,4.661909662726603,26.381850141580266,0.8885451142215103,,2022,1,1,0 days 00:03:38.800754266,0 days 00:01:03.837342889
2015351,0 days 00:19:11.747765525,4.721047421019961,26.81932055507947,0.9109280269293043,,2022,1,2,0 days 00:03:23.182218614,0 days 00:01:05.011918748
2209044,0 days 00:19:25.780618674,4.756043893648111,27.397778428134533,0.9322787097042883,,2022,1,3,0 days 00:03:26.793850052,0 days 00:01:05.389312462
2574269,0 days 00:18:52.837670033,4.588491315787122,26.62352672545099,0.8903828892784709,,2022,1,4,0 days 00:03:46.385841610,0 days 00:01:05.347417653
2806522,0 days 00:17:46.414672680,4.623927789983476,26.400887507740904,0.8698702237146193,,2022,1,5,0 days 00:03:51.205305278,0 days 00:01:04.843436253
2379320,0 days 00:16:55.878091588,4.9950566489585295,27.312602369584564,0.8691414227594438,,2022,1,6,0 days 00:03:56.949810465,0 days 00:01:04.632900233
2037361,0 days 00:18:41.433703698,5.017217543675368,28.15658052254853,0.9960244158988028,,2022,2,0,0 days 00:03:30.097751272,0 days 00:01:06.907312809
2623319,0 days 00:19:03.777579852,4.827581517916807,28.145790591994363,1.0267845542231044,,2022,2,1,0 days 00:03:25.482128868,0 days 00:01:07.192110777
2838993,0 days 00:19:10.586862313,4.8007340451350204,28.327419570953488,1.0453389811105558,,2022,2,2,0 days 00:03:25.249497423,0 days 00:01:07.601851951
3010701,0 days 00:19:41.157320504,4.913720537509371,29.55967920759982,1.0726089505400902,,2022,2,3,0 days 00:03:34.047319898,0 days 00:01:07.726241741
2639791,0 days 00:20:04.078096334,4.875315361708561,29.301817416606095,1.011703479555768,,2022,2,4,0 days 00:03:59.172188731,0 days 00:01:06.746658611
2911403,0 days 00:17:36.685565,4.765317339784291,27.064726645538247,0.921563771830969,,2022,2,5,0 days 00:03:36.654741466,0 days 00:01:08.165037670
2391980,0 days 00:17:55.030883201,5.293578410772664,28.988927938360685,0.9564610657279746,,2022,2,6,0 days 00:04:00.833293888,0 days 00:01:07.107816746
1973615,0 days 00:18:57.574767115,5.152719430081351,29.158322058760188,1.084093559280812,,2022,3,0,0 days 00:03:47.192690691,0 days 00:01:06.514948859
2107954,0 days 00:19:47.891711583,5.041920551397229,30.842876291418147,1.1851027441775293,,2022,3,1,0 days 00:04:15.511549708,0 days 00:01:05.563372789
2231618,0 days 00:20:03.867205319,5.032676870324582,31.03279583244084,1.1877830704000416,,2022,3,2,0 days 00:03:58.127350168,0 days 00:01:04.968380163
2430097,0 days 00:20:14.555121462,5.007511798911735,31.475885616911615,1.1956359849010143,,2022,3,3,0 days 00:04:12.325814165,0 days 00:01:05.397589832
3225521,0 days 00:19:59.469425559,5.016779502908213,30.589745724799144,1.1131611389291836,,2022,3,4,0 days 00:04:27.729798360,0 days 00:01:04.292951208
3447696,0 days 00:18:38.577943647,4.931764570310147,30.158963612221008,1.0393462213605837,,2022,3,5,0 days 00:04:45.691345655,0 days 00:01:03.400311059
2336060,0 days 00:17:51.288647123,5.373609042147892,30.06174224977098,1.0230500244000582,,2022,3,6,0 days 00:04:27.996093065,0 days 00:01:04.917606044
2541403,0 days 00:19:20.783545545,5.322747094419894,31.213003187609356,1.1356804056656893,,2022,4,0,0 days 00:04:30.552266176,0 days 00:01:00.457740569
2617600,0 days 00:20:38.821246561,5.123642578316011,32.180815804553774,1.2163264975550119,,2022,4,1,0 days 00:04:22.727929680,0 days 00:01:00.358226901
2237311,0 days 00:21:02.739239649,5.140202358098629,32.82557836617263,1.2658680666210465,,2022,4,2,0 days 00:04:11.005787437,0 days 00:01:01.350327649
2392823,0 days 00:21:25.482512914,5.180291773775158,33.13112722921837,1.2504537652805914,,2022,4,3,0 days 00:04:12.148978494,0 days 00:01:01.974538292
2638330,0 days 00:20:45.802306383,4.941234350896212,32.349312083780276,1.1545773045828236,,2022,4,4,0 days 00:04:46.385960878,0 days 00:01:02.185853192
2791454,0 days 00:18:56.249078437,4.966135778701712,31.157781056037454,1.074911852389472,,2022,4,5,0 days 00:05:01.581202303,0 days 00:01:01.085884854
2938414,0 days 00:18:53.028030427,5.4813964999486116,33.27884598290099,1.1034094855251846,,2022,4,6,0 days 00:05:24.695477275,0 days 00:00:58.952614377
2028541,0 days 00:19:27.151268818,5.2847720095378845,30.85289683570607,1.1643546667284517,,2022,5,0,0 days 00:04:14.260152473,0 days 00:01:01.120178270
2145137,0 days 00:20:19.246688673,5.057609955914234,31.83167183261489,1.2392830574457483,,2022,5,1,0 days 00:04:09.188353675,0 days 00:01:01.107254794
2836388,0 days 00:20:41.568835434,4.999778637478369,31.978439762119976,1.2239608720668687,,2022,5,2,0 days 00:04:05.671376948,0 days 00:01:01.922915933
2979587,0 days 00:21:14.039956879,5.162942593050647,32.694924873816404,1.240410083679382,,2022,5,3,0 days 00:04:05.141564678,0 days 00:01:02.749152726
2608743,0 days 00:21:18.608751417,5.1420293482339945,32.157988529341544,1.173444666645967,,2022,5,4,0 days 00:04:31.617046918,0 days 00:01:01.816241338
2789465,0 days 00:19:30.108998678,5.110825570853194,30.38621618482396,1.0351342461726534,,2022,5,5,0 days 00:04:26.499435669,0 days 00:01:00.646476605
2392214,0 days 00:18:57.230938787,5.476600888549265,31.971019101969972,1.0712983370216875,,2022,5,6,0 days 00:04:37.633784070,0 days 00:01:00.222598738
1915343,0 days 00:18:35.964620958,5.294034583361826,29.424391850441417,1.0634735136213203,,2022,6,0,0 days 00:04:15.002840997,0 days 00:00:59.293496143
2010384,0 days 00:19:07.064663268,5.134600348490633,29.47818529196413,1.127126558906159,,2022,6,1,0 days 00:03:50.956433578,0 days 00:00:59.600204601
2117479,0 days 00:19:39.333620782,5.102799917732356,29.807126781422628,1.150968004877498,,2022,6,2,0 days 00:03:44.567737477,0 days 00:01:00.110931652
2260969,0 days 00:20:05.271304029,5.118191776180926,29.86623123536857,1.137920024555843,,2022,6,3,0 days 00:03:40.905434378,0 days 00:01:01.031575106
3089015,0 days 00:19:39.802932973,5.0487258197192295,28.80416922870235,1.0310709368520385,,2022,6,4,0 days 00:03:39.477207072,0 days 00:01:02.098897955
3233008,0 days 00:18:18.007774802,5.067886124005881,28.339820093238234,0.9619868493984548,,2022,6,5,0 days 00:04:08.182496617,0 days 00:00:59.662934787
2838421,0 days 00:18:00.494180391,5.404175203044226,29.17326120050551,0.9722435748608117,,2022,6,6,0 days 00:04:06.326047106,0 days 00:00:59.281003904
2403507,0 days 00:18:43.547716316,5.262289300592842,28.62176187962011,1.0474731257283627,,2022,7,0,0 days 00:03:44.649306062,0 days 00:01:00.047622010
2521401,0 days 00:19:02.480499135,5.10568678088095,28.93259083739555,1.096864977050457,,2022,7,1,0 days 00:03:40.463287228,0 days 00:01:00.045662241
2622491,0 days 00:19:40.990579185,5.1580034978194425,29.383592172480284,1.1081926725392,,2022,7,2,0 days 00:03:33.146219471,0 days 00:01:00.896171661
2236155,0 days 00:20:14.834611196,5.187587067533333,30.046422439410524,1.1045562226232084,,2022,7,3,0 days 00:03:43.194849697,0 days 00:01:01.000471442
2461639,0 days 00:19:56.068368676,5.109044492714001,29.107796005019424,1.0237655358888935,,2022,7,4,0 days 00:03:45.100442486,0 days 00:01:01.399505082
2668342,0 days 00:19:06.594492759,5.137101281245064,28.87562116850088,0.9678233487311595,,2022,7,5,0 days 00:04:08.374556984,0 days 00:00:59.338299586
2272152,0 days 00:18:33.033460789,5.497641865068882,30.444140449230527,0.9969207121706645,,2022,7,6,0 days 00:04:13.998733920,0 days 00:00:58.907690447
1995499,0 days 00:19:48.987404654,5.422774490490849,32.10090540761988,1.1780672453356276,,2022,8,0,0 days 00:04:43.216774347,0 days 00:00:57.264418440
2125743,0 days 00:20:51.125686407,5.079509637336215,32.410521008419195,1.2413495704795923,,2022,8,1,0 days 00:04:29.533542317,0 days 00:00:57.993153292
2205934,0 days 00:21:34.477133948,5.141870603562937,32.95827677527976,1.2902510954543516,,2022,8,2,0 days 00:04:16.470270187,0 days 00:00:59.560663879
2940544,0 days 00:22:02.099522741,5.202674886007492,33.373937723768094,1.281445358409872,,2022,8,3,0 days 00:04:22.044584971,0 days 00:00:58.898458924
3252313,0 days 00:21:36.836298658,5.114889532772523,31.762043321168644,1.1626777527255217,,2022,8,4,0 days 00:04:26.490260396,0 days 00:00:59.456863553
2780069,0 days 00:19:54.529586855,5.081412246962214,30.49369087961487,1.0445610774408838,,2022,8,5,0 days 00:04:28.683548255,0 days 00:00:58.148985980
2493449,0 days 00:19:01.950151777,5.396217744978945,31.754152910286116,1.068256792098014,,2022,8,6,0 days 00:04:51.880778027,0 days 00:00:57.244055634
2669408,0 days 00:19:14.007832073,5.080628516510027,30.055210683417464,1.1418651588666857,,2022,9,0,0 days 00:04:18.138926629,0 days 00:01:00.132398619
2154276,0 days 00:19:45.442623415,4.976095902289216,30.44977796716855,1.2105094286897318,,2022,9,1,0 days 00:04:08.083612596,0 days 00:00:51.778396312
2263663,0 days 00:20:14.413259394,5.056623237646239,31.018924340769797,1.2499113516455413,,2022,9,2,0 days 00:03:48.217596790,0 days 00:01:01.183926482
2489438,0 days 00:21:47.117934650,5.0671280586220675,32.961858692604515,1.2996117718135582,,2022,9,3,0 days 00:04:12.665654024,0 days 00:01:00.870926039
2771885,0 days 00:21:23.086017637,4.9671483730385635,30.76165720800107,1.1392049561940707,,2022,9,4,0 days 00:04:12.896178244,0 days 00:01:00.903365497
3766147,0 days 00:19:36.825597354,4.887308858629257,29.641459404000955,1.0351411190269526,,2022,9,5,0 days 00:04:24.950021774,0 days 00:00:59.617635677
3191273,0 days 00:18:45.696578450,5.377171392732617,30.804063795231567,1.0609831687856226,,2022,9,6,0 days 00:04:21.913895871,0 days 00:00:59.092918665
2132283,0 days 00:19:59.135956688,5.1109406317078925,29.677899425170136,1.144616057061844,,2022,10,0,0 days 00:03:40.028774573,0 days 00:01:04.476810239
2769959,0 days 00:20:08.781433588,4.9484533937144946,30.72804798193766,1.195709535772912,,2022,10,1,0 days 00:03:53.198008325,0 days 00:01:03.219992573
2925365,0 days 00:20:31.673557658,4.965127532119923,30.522638880960162,1.191814146268927,,2022,10,2,0 days 00:03:48.486672806,0 days 00:01:03.347972813
2426516,0 days 00:20:38.467280248,5.174637019908378,31.485263505371492,1.2156194931333648,,2022,10,3,0 days 00:04:05.980887830,0 days 00:01:03.653299303
2590692,0 days 00:19:43.098603770,4.874711872349165,29.51267843881095,1.1005902361222404,,2022,10,4,0 days 00:03:55.687100808,0 days 00:01:04.532838827
2788252,0 days 00:19:10.877185778,4.9103678082181945,28.802397279729387,1.035893932829601,,2022,10,5,0 days 00:03:50.351382559,0 days 00:01:03.047426643
2452829,0 days 00:18:22.857930416,5.325865282496258,30.429844502001586,1.0583810245231124,,2022,10,6,0 days 00:04:12.852983460,0 days 00:01:02.507597643
2119394,0 days 00:18:57.662032165,5.003599867698031,29.468465641593756,1.1656235367279513,,2022,11,0,0 days 00:03:58.259744255,0 days 00:01:01.595072088
2277800,0 days 00:20:06.480196241,4.8940246874176845,31.529497247343915,1.2857438756695057,,2022,11,1,0 days 00:04:02.376715810,0 days 00:01:01.983696842
2357861,0 days 00:20:38.832461709,5.038775159349935,32.05341290686772,1.3120480596608532,,2022,11,2,0 days 00:03:58.549904522,0 days 00:01:01.893792649
3171817,0 days 00:20:57.699626113,5.02146761398908,32.92722429446589,1.3213001002264633,,2022,11,3,0 days 00:04:08.420929475,0 days 00:01:02.363989719
3534865,0 days 00:19:57.089342874,4.829947936625582,30.507207463368456,1.1534182323794546,,2022,11,4,0 days 00:04:19.673725292,0 days 00:01:02.015423808
3716733,0 days 00:18:25.826331619,4.757790303204452,29.242833875879686,1.07139316437312,,2022,11,5,0 days 00:04:34.139548397,0 days 00:01:00.992031768
2487377,0 days 00:18:04.700080848,5.184514070444491,30.77572268699116,1.1200331312864917,,2022,11,6,0 days 00:04:44.743600019,0 days 00:01:00.877068773
2466965,0 days 00:17:52.110772548,5.061346356758207,26.935351814881816,0.9815086999612882,,2023,0,0,0 days 00:03:10.131529691,0 days 00:01:02.153057588
2638169,0 days 00:18:39.275670739,4.840197933111945,27.45348364339054,1.0187622513948122,,2023,0,1,0 days 00:03:08.023232277,0 days 00:01:02.113409233
2254189,0 days 00:18:30.355345536,4.767596209545875,27.667156090283463,1.0433714031964487,,2023,0,2,0 days 00:03:08.998781654,0 days 00:01:02.371762319
2437746,0 days 00:19:09.244470096,4.795063500463133,28.383910924271856,1.0614551475010117,,2023,0,3,0 days 00:03:21.487740579,0 days 00:01:02.205903743
2653840,0 days 00:18:50.470278916,4.755643100940521,26.843376379133648,0.9540554441865371,,2023,0,4,0 days 00:03:05.754870186,0 days 00:01:02.685760986
2900350,0 days 00:17:45.669238540,4.705828202458322,25.947399258710156,0.8957482338338474,,2023,0,5,0 days 00:03:16.120098639,0 days 00:01:01.367832453
3127772,0 days 00:17:13.952845028,5.126503082705518,28.50182188151822,0.9233031531710112,,2023,0,6,0 days 00:03:55.708903207,0 days 00:01:00.455015871
2138624,0 days 00:18:14.455124884,5.019028093297372,28.230148502027465,0.9443726667240241,,2023,1,0,0 days 00:03:16.367675153,0 days 00:01:01.050592581
2325405,0 days 00:18:34.768612779,4.722880396748092,28.22498257292815,0.9488519247184898,,2023,1,1,0 days 00:03:26.146509086,0 days 00:00:56.406674626
2346113,0 days 00:18:56.221459068,4.816160912965402,28.924175971063622,0.9903552684802478,,2023,1,2,0 days 00:03:13.767056444,0 days 00:00:59.297184984
2492628,0 days 00:19:30.475803850,4.92657053800246,29.607869172616205,1.0093985424218939,,2023,1,3,0 days 00:03:05.996294040,0 days 00:01:02.541103019
2963246,0 days 00:18:48.064974693,4.6044873101996915,27.82783388216842,0.8916651503115163,,2023,1,4,0 days 00:03:22.930725158,0 days 00:01:01.624501791
3117817,0 days 00:17:48.059080439,4.610189845651624,26.87555674370881,0.8242318872467499,,2023,1,5,0 days 00:03:23.197197892,0 days 00:01:01.283104139
2577138,0 days 00:17:20.342980081,5.108451096914482,27.998622266250386,0.8242613705591241,,2023,1,6,0 days 00:03:35.017057632,0 days 00:01:00.279473031
2279231,0 days 00:18:57.213636529,4.953162415744609,29.020272376955194,1.061966878302375,,2023,2,0,0 days 00:03:26.724129301,0 days 00:01:01.193722253
2366708,0 days 00:18:53.652772543,4.78427394972257,29.02738609494706,1.094823577729065,,2023,2,1,0 days 00:03:18.688340565,0 days 00:01:00.879066350
3073676,0 days 00:19:47.584295807,4.939440611176975,30.19378037242703,1.1380410622329746,,2023,2,2,0 days 00:03:24.901017674,0 days 00:00:59.663430252
3253218,0 days 00:20:25.485674799,5.029530835621837,31.004263938045334,1.1560765002529807,,2023,2,3,0 days 00:03:26.700221464,0 days 00:01:01.127488389
3653396,0 days 00:19:38.438763002,4.804731935711318,29.1021477989246,1.0159517254631032,,2023,2,4,0 days 00:03:33.876172075,0 days 00:01:00.597759557
3176881,0 days 00:18:16.468544777,4.772602355580832,28.138351348382272,0.940450709359274,,2023,2,5,0 days 00:03:37.790482751,0 days 00:01:00.063800186
2610429,0 days 00:18:36.305570846,5.339484128853914,29.63728546917001,0.9696058961956062,,2023,2,6,0 days 00:03:57.508963402,0 days 00:00:59.594533550
2100325,0 days 00:19:21.733177960,5.190982330353632,30.43007887826883,1.1457687119850501,,2023,3,0,0 days 00:03:09.817995712,0 days 00:01:01.136931021
2214103,0 days 00:19:38.263139971,5.02657838501642,30.887643894615557,1.1947652706310412,,2023,3,1,0 days 00:03:12.046279527,0 days 00:01:00.244788480
2374153,0 days 00:20:04.192311952,5.0204949028137635,31.19145343623601,1.2181301415704884,,2023,3,2,0 days 00:03:12.312560402,0 days 00:01:00.651485316
2497054,0 days 00:20:31.338899359,5.168814536649987,32.40450833261915,1.2408996601595321,,2023,3,3,0 days 00:03:22.937657109,0 days 00:01:00.867964872
2820329,0 days 00:19:26.067002112,4.912377806986356,30.711280077607988,1.0976330066456785,,2023,3,4,0 days 00:03:55.530098185,0 days 00:00:58.158848418
3879052,0 days 00:18:34.878613898,4.7273684740498485,29.79009738719666,1.0153708689648913,,2023,3,5,0 days 00:04:02.062899306,0 days 00:00:57.963215598
3259887,0 days 00:18:33.581665867,5.237734805224845,30.81820552368837,1.0271772947958013,,2023,3,6,0 days 00:04:07.367109794,0 days 00:00:58.200051190
2746317,0 days 00:19:46.082210829,5.321923966169966,31.414561967900994,1.1895954982618542,,2023,4,0,0 days 00:03:49.140829805,0 days 00:00:58.042562148
2877628,0 days 00:20:37.253411142,5.03933534112123,31.927014318737506,1.2554288566833518,,2023,4,1,0 days 00:03:34.758203696,0 days 00:00:58.556863697
3075516,0 days 00:21:10.558271847,5.085156385790223,33.01012951972938,1.3198680611643705,,2023,4,2,0 days 00:03:39.546742724,0 days 00:00:58.776376148
2622651,0 days 00:21:57.418324435,5.187653363714805,33.911362968233256,1.3332441678286586,,2023,4,3,0 days 00:03:45.505509903,0 days 00:00:59.251491319
2870626,0 days 00:21:04.563012584,5.0526595213030205,31.73605861926979,1.1602749260962588,,2023,4,4,0 days 00:03:52.407113658,0 days 00:00:58.653612466
3070425,0 days 00:19:43.624115554,4.998433596000552,30.66460624506381,1.0641401597498716,,2023,4,5,0 days 00:04:08.146578172,0 days 00:00:56.742390048
2584513,0 days 00:19:33.799699982,5.44572114166189,32.215352540304494,1.0848893776119521,,2023,4,6,0 days 00:04:37.456039804,0 days 00:00:55.290851166
2232400,0 days 00:19:34.994843218,5.188762444006453,31.313277642895528,1.208051962013976,,2023,5,0,0 days 00:03:32.358169439,0 days 00:00:58.912564202
2324913,0 days 00:20:30.920758325,5.0489729942582775,32.48784554948937,1.3116431711638243,,2023,5,1,0 days 00:03:31.231788560,0 days 00:00:58.355562372
2473902,0 days 00:20:33.895366914,5.054521808058689,33.30413549526212,1.349744379526756,,2023,5,2,0 days 00:03:48.360541214,0 days 00:00:57.785612492
3197759,0 days 00:21:10.691144642,5.1749887962163506,33.350439661025085,1.3149003348907775,,2023,5,3,0 days 00:03:33.820010784,0 days 00:00:59.542201903
3550116,0 days 00:20:34.070499668,4.993724623927781,31.430594862252377,1.1525312750343935,,2023,5,4,0 days 00:03:36.878890668,0 days 00:00:59.464170601
2983219,0 days 00:19:31.512831273,5.067109400617251,30.584992037125023,1.0548596834493207,,2023,5,5,0 days 00:03:40.040723930,0 days 00:00:57.292367564
2604310,0 days 00:19:18.729717276,5.458088790888955,32.12233255641611,1.0712568242643925,,2023,5,6,0 days 00:04:15.366575650,0 days 00:00:55.792318444
2637312,0 days 00:19:01.175851397,5.2528667700294855,30.194728208114938,1.1676151058350313,,2023,6,0,0 days 00:03:17.567682988,0 days 00:00:59.087019220
2216810,0 days 00:19:35.982280393,5.05666691101177,30.96403947113195,1.2210366246994555,,2023,6,1,0 days 00:03:34.181366094,0 days 00:00:58.019708793
2341586,0 days 00:20:03.305053070,5.1142748034878975,31.512571808167653,1.2600425694379798,,2023,6,2,0 days 00:03:20.321595655,0 days 00:00:58.889610282
2480603,0 days 00:20:31.102578687,5.079869763521204,31.613719938256946,1.2551209564771142,,2023,6,3,0 days 00:03:16.555505393,0 days 00:00:59.077788541
2743096,0 days 00:19:52.026412127,4.960634230810732,29.992307046490538,1.116553737091228,,2023,6,4,0 days 00:03:24.579988851,0 days 00:00:58.801227097
3599455,0 days 00:19:14.996418624,5.108233750665029,29.640329094265642,1.0483126834479115,,2023,6,5,0 days 00:03:44.377759726,0 days 00:00:56.464729297
3113269,0 days 00:18:24.629751556,5.3341562091165295,30.05746825282364,1.0555939913961816,,2023,6,6,0 days 00:03:57.805689809,0 days 00:00:56.491247982
2056509,0 days 00:18:56.660227599,5.301544272356693,30.197945479450865,1.1300328712395618,,2023,7,0,0 days 00:03:12.760644997,0 days 00:00:59.582558833
2634746,0 days 00:19:33.701673330,5.18393114554496,30.724377921059567,1.180791768921938,,2023,7,1,0 days 00:03:01.252782324,0 days 00:00:59.731515085
2798834,0 days 00:20:03.805208883,5.166879225063007,31.112387251262476,1.1874502918000849,,2023,7,2,0 days 00:03:01.052432224,0 days 00:00:59.952044011
3008994,0 days 00:20:46.591876221,5.185106337201075,31.57132898902421,1.182509549703323,,2023,7,3,0 days 00:03:07.113972996,0 days 00:01:00.597581379
2601387,0 days 00:20:05.482318086,5.131307409470406,30.21359123805877,1.0801076425768255,,2023,7,4,0 days 00:03:09.164893183,0 days 00:01:00.411534244
2788872,0 days 00:19:37.042217785,5.179870721567717,29.57449765353163,1.0087617466846808,,2023,7,5,0 days 00:03:30.461196404,0 days 00:00:57.345304346
2432808,0 days 00:19:09.819707925,5.516232100519236,30.565293471576865,1.0138694340038341,,2023,7,6,0 days 00:03:51.846539705,0 days 00:00:56.579326530
2324143,0 days 00:20:13.044523077,5.19790043641893,32.37643244843367,1.2228034978914812,,2023,8,0,0 days 00:04:20.442350393,0 days 00:00:57.920624841
2334729,0 days 00:21:37.230612632,5.084229531136159,33.087628499924406,1.3039622414421543,,2023,8,1,0 days 00:03:52.851184594,0 days 00:00:57.597251897
2457982,0 days 00:21:33.055995528,5.049067878853463,33.248495432431966,1.3177679535488869,,2023,8,2,0 days 00:03:45.328605645,0 days 00:00:57.539316774
2653174,0 days 00:22:35.212158720,5.079082240742597,34.57752294044793,1.3563290270445887,,2023,8,3,0 days 00:04:02.372824264,0 days 00:00:57.612413750
3597620,0 days 00:22:22.834963948,5.076597255129777,34.25114856766418,1.2735472534620105,,2023,8,4,0 days 00:04:30.670079694,0 days 00:00:57.828131355
3773127,0 days 00:19:36.043537098,4.9614320071919105,30.11777971162911,1.0418470462298253,,2023,8,5,0 days 00:03:51.827581517,0 days 00:00:57.388492272
2710348,0 days 00:19:16.250589961,5.273563129162751,31.338201972588003,1.0544339472274407,,2023,8,6,0 days 00:04:26.039980853,0 days 00:00:56.441525440
2722163,0 days 00:20:13.032190210,5.261203557244745,32.237641860535184,1.250099825028846,,2023,9,0,0 days 00:03:30.521489760,0 days 00:01:00.675322062
2853741,0 days 00:20:47.249328162,4.993563310405533,32.35491519727965,1.27828985181206,,2023,9,1,0 days 00:03:23.184270225,0 days 00:00:59.777932941
2385341,0 days 00:21:25.658463087,5.135158117015558,33.727709778182636,1.3802750550130987,,2023,9,2,0 days 00:03:21.700855701,0 days 00:01:00.225799993
2579430,0 days 00:22:22.352056849,5.231794449548931,34.774342056190704,1.4003833909041925,,2023,9,3,0 days 00:03:32.787232910,0 days 00:01:00.388356243
2969975,0 days 00:21:44.659900167,4.956446596015118,32.5816942061802,1.2200471283428311,,2023,9,4,0 days 00:03:48.653401884,0 days 00:01:00.392372338
3265563,0 days 00:20:05.620098892,4.869611559783111,31.037396219273674,1.0951970242191007,,2023,9,5,0 days 00:04:06.020301288,0 days 00:00:58.252550032
3410117,0 days 00:19:35.147317819,5.408520908813389,32.39627248859787,1.1066096089958206,,2023,9,6,0 days 00:04:16.881973402,0 days 00:00:57.444906044
2247599,0 days 00:20:42.472405442,5.217263805509794,32.14641344830641,1.2713079735308659,,2023,10,0,0 days 00:03:26.637634641,0 days 00:01:03.827989881
2401223,0 days 00:20:57.715952246,4.961744845022723,32.43859733560775,1.3171396659119126,,2023,10,1,0 days 00:03:34.929810234,0 days 00:01:03.421222522
3143192,0 days 00:21:08.624523732,5.013028841699779,32.95666574934016,1.3148838123792628,,2023,10,2,0 days 00:03:33.534032572,0 days 00:01:02.863747741
3251781,0 days 00:21:17.263833265,5.2154303358682546,33.48724509122849,1.3453430197175025,,2023,10,3,0 days 00:03:49.655730460,0 days 00:01:02.685527528
2715031,0 days 00:20:27.495977025,4.992602050584322,31.353621910762737,1.1824326315242808,,2023,10,4,0 days 00:03:30.795297089,0 days 00:01:02.531090470
2946903,0 days 00:19:49.441556780,4.968712063478164,30.30375632655709,1.0980011761500121,,2023,10,5,0 days 00:03:35.177015590,0 days 00:01:00.352242544
2563521,0 days 00:19:13.619931586,5.4521615391486975,31.55415116942673,1.1164333820553842,,2023,10,6,0 days 00:03:57.291400925,0 days 00:01:01.131227304
2283010,0 days 00:19:32.022339367,5.127210342048436,32.21498379770568,1.2492086237029185,,2023,11,0,0 days 00:03:47.603236003,0 days 00:01:03.842995805
2325337,0 days 00:20:52.188278946,5.073665244220515,33.718562036384405,1.3565769563723449,,2023,11,1,0 days 00:03:33.810866177,0 days 00:01:03.084571509
2501493,0 days 00:21:08.749922546,5.11524062589821,34.474286508097336,1.4027026259917574,,2023,11,2,0 days 00:03:36.708329298,0 days 00:01:04.088014278
2676099,0 days 00:21:48.079256036,5.154291945477353,35.05983122074336,1.4005519601479615,,2023,11,3,0 days 00:03:39.515899777,0 days 00:01:04.953994410
3687040,0 days 00:20:58.090207863,5.003728563563181,32.65860939398541,1.2234933930741188,,2023,11,4,0 days 00:03:52.050696524,0 days 00:01:04.236265213
3624614,0 days 00:20:08.842579651,5.09265865661833,31.68708990253857,1.1477378336010402,,2023,11,5,0 days 00:03:40.465051897,0 days 00:01:02.927464161
3418704,0 days 00:18:11.440253675,5.152738293517073,30.931272695734997,1.1002800388685303,,2023,11,6,0 days 00:03:56.695359855,0 days 00:01:03.884087200
