trip_count,trip_time,trip_distance,total_amount,tip_amount,passenger_count,year,month,weekday
81228,0 days 00:22:38.089404870,3.9739139213079238,19.05218360663811,0.8011652385876792,1.20762544935244,2019,1,0
84383,0 days 00:23:10.681429248,4.084549850088288,19.553962765011914,0.7860436343813327,1.1950392851640734,2019,1,1
90801,0 days 00:23:50.923181973,3.922025087829429,19.167298157509283,0.8119782821775091,1.2082025528353213,2019,1,2
92125,0 days 00:24:05.837459972,3.982532645861601,19.397562876526464,0.8448372320217097,1.2131777476255088,2019,1,3
100991,0 days 00:23:56.483661748,3.83517125288392,18.87982552900754,0.8224479409056252,1.216227188561357,2019,1,4
91500,0 days 00:22:09.373366120,3.623074207650273,17.40186098360656,0.9158483060109289,1.261256830601093,2019,1,5
74566,0 days 00:21:58.229863476,3.9049440763887033,18.138451573103026,0.8930155835099106,1.2496043773301504,2019,1,6
75623,0 days 00:22:42.878391959,3.9666130674530233,18.910547320259713,0.7872657789296907,1.199608584689843,2019,2,0
82682,0 days 00:23:46.852090615,3.983045523814132,19.216542657410322,0.7995525023584336,1.1964756537093926,2019,2,1
86754,0 days 00:23:30.610849192,3.9632466514512306,19.101048136109,0.8168278119740875,1.1964866173317656,2019,2,2
89510,0 days 00:24:06.307755904,3.9255437381298184,19.175688638140993,0.8529546419394481,1.1954977097531,2019,2,3
114820,0 days 00:23:34.662102962,3.7483738895662775,18.542589183069154,0.8620089705626197,1.2219212680717646,2019,2,4
105848,0 days 00:22:22.310294006,3.6415403219711284,17.482313128259392,0.9371323974000453,1.2494142544025395,2019,2,5
87826,0 days 00:21:19.354530549,3.83655147678364,17.84226459135109,0.9002188418008336,1.235397262769567,2019,2,6
89403,0 days 00:20:47.805489994,3.489095667930607,18.439149804816395,0.9029208192118833,1.1771417066541392,2019,3,0
92888,0 days 00:21:28.440841461,3.5637568900180865,18.858324110757042,0.9545636680733784,1.1675781586426663,2019,3,1
77943,0 days 00:22:26.867645172,3.6542292444478655,19.21861411544334,0.924338298500186,1.172600490101741,2019,3,2
81614,0 days 00:22:15.961305184,3.566109858602691,19.019762785796555,0.9727840811625457,1.1672262111892568,2019,3,3
82228,0 days 00:21:43.683827106,3.3452555090723353,17.86217018533833,0.9794965218660311,1.2013061244344991,2019,3,4
77863,0 days 00:22:04.164596791,3.4144151907838123,17.405581855309972,1.0515939534823984,1.2301606668122214,2019,3,5
65913,0 days 00:20:32.907937856,3.6182032376010804,17.912865292127503,1.0023477917861423,1.2227329965257232,2019,3,6
62072,0 days 00:21:27.718311447,3.4111884585642476,18.28473740172703,0.9870221678051294,1.1981247583451475,2019,4,0
69162,0 days 00:22:12.159801043,3.4244418900552325,18.461490558399127,0.990198085653972,1.2025823429050635,2019,4,1
90310,0 days 00:22:18.420470400,3.418260436275053,18.683233418226116,1.011971653194552,1.187343594286347,2019,4,2
93258,0 days 00:22:50.532169511,3.368573419974694,18.558263634219053,1.0307514636814001,1.1942139012202706,2019,4,3
95410,0 days 00:23:14.510685574,3.3726727806309613,18.385499318729696,1.004755266743528,1.204737448904727,2019,4,4
73596,0 days 00:21:41.271740311,3.302986711234306,17.220432903962173,1.0622921082667536,1.2411815859557584,2019,4,5
61644,0 days 00:20:21.641506067,3.2904796898319386,17.034102913503343,1.0171697164363116,1.2528388813185387,2019,4,6
64275,0 days 00:21:59.299057132,3.4192463632827694,17.81655651497472,0.9491752625437572,1.2223726176584986,2019,5,0
61613,0 days 00:22:02.012302997,3.370229010111502,17.76556100173665,1.0002270624705825,1.2087708762761105,2019,5,1
67819,0 days 00:22:44.397900200,3.3442019198159803,17.818913726241913,1.0160309057933619,1.2050900190212182,2019,5,2
71804,0 days 00:23:14.767123478,3.3432889532616565,17.8362594005905,1.0644386106623587,1.2193888919837335,2019,5,3
75176,0 days 00:23:17.683477451,3.293174018303714,17.622300069171015,1.018908162179419,1.2270804512078324,2019,5,4
89831,0 days 00:21:20.011677483,3.2990699201834555,16.908223775756703,1.072595540514967,1.2460731818637218,2019,5,5
75720,0 days 00:21:09.740161119,3.409510961436873,17.076939910195463,1.0519174590596934,1.2520470153195986,2019,5,6
73472,0 days 00:22:13.699904723,3.323729039634147,17.4611265516115,0.9233766604965157,1.1850773083623694,2019,6,0
75411,0 days 00:22:12.047566635,3.385884420044821,17.90079391600695,0.960310166951771,1.1751070798689847,2019,6,1
79742,0 days 00:22:37.881613764,3.3104473175992575,17.8914020215194,0.9744603847407889,1.1838554337739209,2019,6,2
59526,0 days 00:22:10.107620455,3.267460773443537,17.532595672479253,1.005718677552666,1.209723482175856,2019,6,3
65794,0 days 00:21:51.048941376,3.2514937532297776,17.265033437699486,0.9735033589689029,1.2148676171079429,2019,6,4
62829,0 days 00:20:48.719567708,3.3063349727036875,16.700297951582872,1.0658840662751277,1.239570898788776,2019,6,5
53969,0 days 00:20:32.744922917,3.398120587744817,17.032287609553634,1.0423265207804482,1.2421019474142563,2019,6,6
52973,0 days 00:20:50.960921276,3.529996790817964,18.456104996885205,0.9307777547052273,1.149189209597342,2019,7,0
56121,0 days 00:21:23.425389358,3.56432832629497,18.658979170007665,1.0008750735018976,1.136971900001782,2019,7,1
59294,0 days 00:20:50.071934558,3.4991233514352214,18.47601359328094,0.9772568893985901,1.1213276216817891,2019,7,2
77951,0 days 00:21:37.571553195,3.5013652166104348,18.552505035214434,1.0002753011507228,1.1423073469230671,2019,7,3
80193,0 days 00:21:36.283334164,3.402576409412293,18.08049168880077,0.9809242701981471,1.1553252777673861,2019,7,4
74254,0 days 00:21:37.228100420,3.4697050663937294,17.628175182481755,1.0167671775257898,1.1956796940232175,2019,7,5
48909,0 days 00:21:02.012840172,3.4447876668915742,17.62769551616267,1.014904209859126,1.195914862295283,2019,7,6
66455,0 days 00:21:16.973994311,3.501236174855165,18.44609073809345,0.9995842299300278,1.1249115943119403,2019,8,0
59198,0 days 00:22:46.023855784,3.571816953275448,18.938284739349307,0.986165073144363,1.102638602655495,2019,8,1
62964,0 days 00:22:26.195056865,3.5612281621243884,19.147532081824533,1.00512928022362,1.0994695381487833,2019,8,2
65767,0 days 00:22:42.573027556,3.523571091884988,19.043736372344796,1.0375460337251206,1.1122751531923305,2019,8,3
67186,0 days 00:23:10.884217421,3.374592325782157,18.52937888845891,1.0142098056142648,1.1352513916589766,2019,8,4
62487,0 days 00:21:31.142114107,3.4453396706514954,17.825828252276477,1.1094827724166627,1.211996095187799,2019,8,5
65006,0 days 00:21:39.611236750,3.670439190228594,18.62241423868566,1.109894625111528,1.1863674122388703,2019,8,6
55805,0 days 00:21:46.308620287,3.628249260818923,19.299656124003228,0.917432488128304,1.0191022309828868,2019,9,0
75991,0 days 00:21:53.905309862,3.579138845389586,19.205435380505588,0.9257104130752326,1.028779723914674,2019,9,1
78816,0 days 00:22:21.900765490,3.548455009135201,19.2296087088916,0.9450661033292734,1.0283191230207065,2019,9,2
82346,0 days 00:22:31.089485512,3.561104850265951,19.44045648847546,0.9798508731450223,1.0407791513856168,2019,9,3
69302,0 days 00:22:46.735320869,3.525903725722201,19.249089348070765,0.9791625061325792,1.0628264696545555,2019,9,4
63071,0 days 00:21:25.327434189,3.4216582898638044,18.04245786494586,1.0918011447416405,1.1493396331118897,2019,9,5
51055,0 days 00:20:41.030224677,3.5373941827441,18.33429634707668,1.0764616589952012,1.143374791891098,2019,9,6
56633,0 days 00:20:59.643793042,3.2016176081083465,19.049445552946167,0.9180235904861124,1.026698214821747,2019,10,0
60718,0 days 00:21:45.352197114,3.388562370302052,19.462458908396194,0.9434141440758919,1.008448894891136,2019,10,1
63448,0 days 00:21:57.149555541,3.3424434182322527,19.32364392888665,0.9560830916656159,1.022396293027361,2019,10,2
60880,0 days 00:22:09.928088042,3.2392324244415245,19.32508114323259,0.9785993758212879,1.037762812089356,2019,10,3
82255,0 days 00:21:45.664425531,3.114133244179685,18.5876780742812,0.952449455960124,1.058926509026807,2019,10,4
75436,0 days 00:20:58.930296683,3.1603876133411104,17.608657537515246,1.0511714565989714,1.1462961981017021,2019,10,5
50130,0 days 00:23:20.650876947,3.249189307799721,18.231601037303015,1.029079992020746,1.1127269100339119,2019,10,6
72855,0 days 00:21:28.345425845,3.4326248026902753,18.837349667147073,0.8654747100404915,1.0036648136709903,2019,11,0
76405,0 days 00:21:13.686407957,3.441737713500425,18.772471435115506,0.86191702113736,1.018441201492049,2019,11,1
56028,0 days 00:21:37.627525522,3.523433640322696,19.48767544799029,0.9374610908831299,0.9986970800314129,2019,11,2
63246,0 days 00:22:15.688011890,3.4149968377446798,19.276809916832686,0.9746322297062264,1.012807134048003,2019,11,3
65850,0 days 00:22:04.122021594,3.307105542900531,18.910439939255884,0.9594953682611996,1.0386484434320424,2019,11,4
59648,0 days 00:20:52.325280399,3.3217760863733905,18.06910558610515,1.0364728071351932,1.1138512607296138,2019,11,5
61262,0 days 00:19:23.870278476,3.3487422872253605,18.20093810192289,0.9776512356762755,1.081584016192746,2019,11,6
53746,0 days 00:20:05.389717922,3.544607784765378,18.88783276895025,0.9001998288244707,0.9733747627730436,2020,0,0
59596,0 days 00:19:51.963336465,3.6447328679777167,19.468273709644947,0.8555713470702732,0.9400630914826499,2020,0,1
71831,0 days 00:20:16.272766508,3.646170594868511,19.380619370466793,0.9209868998064903,0.9544068716849271,2020,0,2
78415,0 days 00:20:47.726668707,3.6796166549767264,19.30951348594019,0.8675313396671556,0.9318625263023657,2020,0,3
81164,0 days 00:20:22.508908548,3.563531984623725,18.887995909516533,0.8866219013355675,0.9583928835444285,2020,0,4
53879,0 days 00:19:50.368127992,3.511966814528852,17.720472540321833,0.9737619480688209,1.0471983518625068,2020,0,5
49139,0 days 00:19:15.990292645,3.7065933372677504,18.40487860965832,0.9143128675797227,0.9854087384765665,2020,0,6
49558,0 days 00:20:22.470004237,3.43306953468663,18.697026110819646,0.938183946083377,1.0388433754388797,2020,1,0
54076,0 days 00:20:59.988497031,3.4853450699016197,19.160305680893558,0.9365622457282344,0.9952659220356536,2020,1,1
58331,0 days 00:19:38.666860963,3.4112938231814987,18.905819204196742,0.948573142925717,1.010628996588435,2020,1,2
60715,0 days 00:20:31.362186825,3.3721877624969117,18.660222185621347,0.9976753685250762,1.0322160915753933,2020,1,3
63875,0 days 00:20:02.812296467,3.26725228962818,18.326701839530333,0.9893332289628181,1.0486575342465754,2020,1,4
66633,0 days 00:19:36.376634097,3.323688862875752,17.631728122701965,1.061705311182147,1.118634910629868,2020,1,5
45444,0 days 00:19:39.866318986,3.516876375319074,18.521499207816216,1.0181836986180792,1.0561350233254114,2020,1,6
35563,0 days 00:20:03.711071739,3.56812023732531,16.8482189354104,0.8552785198099148,0.9982284959086691,2020,2,0
34959,0 days 00:19:19.485393837,3.528664435481564,16.833209473955208,0.8690096970737149,0.9832089018564604,2020,2,1
33223,0 days 00:19:57.967821558,3.595912169280318,17.0884510730518,0.8924239231857448,0.9823917165818861,2020,2,2
32979,0 days 00:20:14.318129435,3.5119612480669518,17.034041662876376,0.9414633554686315,1.0280178295278815,2020,2,3
32146,0 days 00:19:21.131939258,3.3535995147141167,16.403937037267468,0.9183621601443414,1.0444534312200584,2020,2,4
24836,0 days 00:18:38.488763592,3.3948333064905776,15.724321549363829,0.9267357867611532,1.118980512159768,2020,2,5
29790,0 days 00:19:09.349917749,3.5540960053709303,16.975065458207453,0.953014434373951,1.0867069486404834,2020,2,6
4878,0 days 00:18:38.188845601,4.516631816318163,20.17060475604756,1.3806211562115622,0.7535875358753588,2020,3,0
4923,0 days 00:17:47.681236023,4.87136095876498,20.504623197237457,1.4020190940483443,0.7211050172658948,2020,3,1
6755,0 days 00:18:25.461435973,4.65659955588453,20.02633456698742,1.3637424130273867,0.7622501850481125,2020,3,2
6774,0 days 00:16:27.138322999,4.753464718039563,19.76043991733097,1.363881015648066,0.7493356953055802,2020,3,3
5419,0 days 00:17:16.121816168,4.480625576674663,19.40141169957557,1.2792489389186197,0.77265178077136,2020,3,4
4211,0 days 00:18:03.798241444,4.1933958679648535,17.96876038945619,1.1513915934457375,0.8461173118024222,2020,3,5
2684,0 days 00:19:02.314061917,4.69543219076006,19.879839791356186,1.2726341281669151,0.8327123695976155,2020,3,6
7258,0 days 00:18:46.840451915,5.362149352438688,21.75721548635988,1.1008831634058969,0.6292367043262607,2020,4,0
8020,0 days 00:19:11.998004987,5.278312967581047,21.48099875311721,1.171164588528678,0.6246882793017456,2020,4,1
8808,0 days 00:20:06.796207992,5.493143732970028,22.00361148955495,1.1994925068119893,0.6178474114441417,2020,4,2
8558,0 days 00:19:07.482823089,5.430592428137414,21.730621640570227,1.1334353820986212,0.6215237204954429,2020,4,3
10824,0 days 00:18:46.579783793,5.27404748706578,21.28788617886179,1.1235458240946046,0.6265705838876571,2020,4,4
8048,0 days 00:17:23.051689860,5.0734840954274345,20.092175695825052,1.1519880715705766,0.7078777335984096,2020,4,5
5845,0 days 00:17:49.695585215,5.367688622754491,21.179974337040203,1.1285594525235245,0.7050470487596237,2020,4,6
11094,0 days 00:19:34.924193257,4.892898864250947,23.28454029204976,1.5571759509644851,0.733098972417523,2020,5,0
11141,0 days 00:21:35.891930706,4.914965442958442,23.758992909074596,1.6166771384974417,0.737905035454627,2020,5,1
9154,0 days 00:20:17.467992134,4.999937732138956,23.25940572427354,1.5972176097880708,0.7084334717063578,2020,5,2
9093,0 days 00:19:57.282415044,5.007358407566259,23.21104146046409,1.6764577147256134,0.7306719454525459,2020,5,3
9730,0 days 00:20:49.846865364,4.975441932168551,23.278614594039055,1.6037245632065775,0.7649537512846866,2020,5,4
7262,0 days 00:17:50.832002203,4.599169650234095,21.252592949600665,1.4508289727347838,0.8241531258606445,2020,5,5
5636,0 days 00:19:39.900106458,5.045961674946771,22.03853264726757,1.4958534421575584,0.8500709723207949,2020,5,6
9573,0 days 00:20:45.739866276,4.697290295623106,24.08461192938473,1.7565162436017965,0.7024966050349942,2020,6,0
10054,0 days 00:21:26.774594648,4.6140700218818385,24.156492938134075,1.7275671374577282,0.7554207280684305,2020,6,1
13380,0 days 00:20:27.579970104,4.854662182361734,24.887445440956654,1.7873408071748882,0.6989536621823618,2020,6,2
13219,0 days 00:22:01.496709282,4.866066268250246,24.79172554656177,1.769871397231258,0.7093577426431651,2020,6,3
12385,0 days 00:21:45.077513120,4.850632216390795,24.051706903512315,1.668319741622931,0.7240209931368591,2020,6,4
7622,0 days 00:20:06.157832589,4.797978220939386,23.26647861453687,1.6058580425085278,0.8176331671477303,2020,6,5
6025,0 days 00:19:20.865560165,4.814356846473029,23.58994522821577,1.6298207468879669,0.8521161825726141,2020,6,6
14325,0 days 00:23:16.348156939,4.902644328097732,24.891004537521816,1.8868041884816753,0.6818150087260035,2020,7,0
10812,0 days 00:22:34.431412450,5.00819089900111,25.443535886052533,1.880681650018498,0.7010728819829819,2020,7,1
11773,0 days 00:21:42.651970778,4.906796058778561,25.13625838783658,1.838516945553385,0.7125626433364478,2020,7,2
11971,0 days 00:21:48.577896583,4.975900927240832,25.180421852810962,1.8342853562776713,0.7065408069501294,2020,7,3
12253,0 days 00:22:45.332245164,4.770705133436709,24.86430751652657,1.7915539051660818,0.7222720966293968,2020,7,4
11398,0 days 00:20:59.084927180,4.5088041761712585,22.924871030005267,1.6450324618354095,0.8344446394104229,2020,7,5
8531,0 days 00:20:40.306880787,4.904864611417184,24.338930957683743,1.7089239245106083,0.8159653030125424,2020,7,6
11514,0 days 00:21:28.534479763,4.586170748653813,23.92877800937989,2.022549939204447,0.654160152857391,2020,8,0
16009,0 days 00:22:26.328877506,4.761508526453869,24.348233493659816,2.0227222187519516,0.6415766131551003,2020,8,1
16639,0 days 00:22:28.970491015,4.444621671975479,23.8230987439149,2.032449666446301,0.6677684957028668,2020,8,2
13089,0 days 00:22:59.622583849,4.590828940331576,23.78317976927191,1.9983650393460157,0.6886698754679502,2020,8,3
13753,0 days 00:22:42.322111539,4.515567512542718,23.682385661310256,1.958467243510507,0.7292954264524104,2020,8,4
9818,0 days 00:22:55.442758199,4.186755958443674,21.583750254634346,1.7003126909757587,0.8853126909757588,2020,8,5
7165,0 days 00:22:56.739567341,4.4368876482903,22.329000697836708,1.836880669923238,0.8787159804605722,2020,8,6
12390,0 days 00:20:16.057304277,4.464495560936239,23.418103309120262,2.029747376916868,0.6555286521388216,2020,9,0
13248,0 days 00:23:30.161080917,4.510768417874396,23.860095863526574,2.0739666364734295,0.6855374396135265,2020,9,1
13691,0 days 00:21:55.532432432,4.39335256738003,23.546789861953105,2.0200146081367323,0.6703673946388138,2020,9,2
17560,0 days 00:22:53.751822323,4.434456719817767,23.569997722095675,2.0393861047835986,0.6959567198177676,2020,9,3
17633,0 days 00:22:22.128112062,4.393389099982986,23.03866386888221,2.0081256734531845,0.6985765326376681,2020,9,4
13081,0 days 00:21:55.156104273,4.216399357847259,21.583072395076833,1.8096590474734349,0.8777616390184236,2020,9,5
7517,0 days 00:21:59.068511374,4.469269655447652,22.246555806837833,1.8700651855793535,0.8669682054010909,2020,9,6
16963,0 days 00:21:16.675392052,4.43609561987856,23.539034958438958,2.0904539291398923,0.6359724105405883,2020,10,0
13970,0 days 00:22:25.301360057,4.514828919112384,23.874676449534714,2.1223679312813175,0.6496062992125984,2020,10,1
13394,0 days 00:22:03.656040017,4.4917388382858,23.743035687621322,2.1212453337315216,0.6734358668060325,2020,10,2
12447,0 days 00:22:07.539969470,4.589335582871375,23.78023941512011,2.0617779384590667,0.6894834096569454,2020,10,3
12863,0 days 00:22:32.328305993,4.293234859675037,22.99352561610822,1.9945199409158052,0.7152297286791572,2020,10,4
9813,0 days 00:22:05.191786405,4.3226434321818,22.03888209517987,1.8708957505350043,0.8531539794150617,2020,10,5
9155,0 days 00:23:06.162315674,4.511208083014746,22.39014746040415,1.9194309120699071,0.8157291097760786,2020,10,6
12528,0 days 00:21:53.851680370,4.6062851213282245,24.02637292464879,2.1005539591315454,0.6135057471264368,2020,11,0
16222,0 days 00:21:43.691221797,4.564209098754778,23.783081617556405,2.08034644310196,0.6566391320429047,2020,11,1
15920,0 days 00:21:44.599371859,4.475096105527638,23.5923209798995,2.0578467336683417,0.6639447236180904,2020,11,2
12775,0 days 00:21:15.082348336,4.383354990215264,22.874923679060668,1.9639851272015656,0.7261839530332681,2020,11,3
10824,0 days 00:22:18.404194382,4.504524205469328,23.24944937176645,1.9770352919438285,0.7250554323725056,2020,11,4
8279,0 days 00:19:08.348351250,4.335749486652977,21.78373716632444,1.8142601763498007,0.8778838023915931,2020,11,5
6582,0 days 00:19:49.609996961,4.662145244606503,22.603418413855973,1.8795396536007292,0.8281677301731997,2020,11,6
10756,0 days 00:19:10.182502789,4.810573633320937,23.826972852361475,1.7100000000000002,0.5783748605429527,2021,0,0
11822,0 days 00:19:55.084757232,4.736411774657419,24.404929791913382,1.5424632041955675,0.5641177465741837,2021,0,1
12209,0 days 00:20:18.655909574,4.634536817102138,24.0910099107216,1.4104111720861658,0.570398886067655,2021,0,2
12216,0 days 00:20:45.630075311,4.584282089063523,23.75298215455141,1.4376850032743942,0.5879174852652259,2021,0,3
12974,0 days 00:20:51.332665330,4.611625558809928,23.744145213503934,1.423638816093726,0.639509788808386,2021,0,4
9530,0 days 00:18:27.983315844,4.756691500524659,22.0089611752361,1.5002759706190978,0.8070304302203568,2021,0,5
7011,0 days 00:19:15.591499072,4.569719012979603,22.583607188703468,1.5857024675509914,0.7459706176009129,2021,0,6
7549,0 days 00:20:04.089415816,4.519589349582727,23.438153397801038,0.8040190753742219,0.6422042654656246,2021,1,0
9480,0 days 00:21:26.699261603,4.598039029535864,23.834870253164556,0.8247489451476793,0.6139240506329114,2021,1,1
11818,0 days 00:22:23.582670502,4.532572347266881,24.038450668471825,0.8057031646640717,0.5910475545777627,2021,1,2
10748,0 days 00:22:44.410122813,4.599243580200968,24.277998697432082,0.8594491998511351,0.5855973204317082,2021,1,3
11628,0 days 00:20:35.330839353,4.3024432404540764,23.269932060543518,0.8976711386308909,0.6454248366013072,2021,1,4
7969,0 days 00:19:15.261136905,4.444996862843519,22.184518760195758,1.0406826452503453,0.7879282218597063,2021,1,5
5380,0 days 00:18:12.354275092,4.577527881040893,22.1749219330855,1.1305594795539033,0.8189591078066915,2021,1,6
14443,0 days 00:21:01.160769923,4.697003392646957,24.31690438274597,0.6807242262687808,0.5743266634355744,2021,2,0
14561,0 days 00:20:24.820135979,4.592313714717395,24.054371265709772,0.7496518096284596,0.6215232470297369,2021,2,1
15395,0 days 00:20:25.301396557,4.440040922377395,23.61970769730432,0.7406495615459564,0.629165313413446,2021,2,2
12441,0 days 00:23:23.192830158,4.519355357286392,24.0059151193634,0.7943420946869223,0.636202877582188,2021,2,3
12290,0 days 00:22:30.255980471,4.4545288852725795,23.819133441822622,0.8189300244100897,0.6545972335231895,2021,2,4
8546,0 days 00:20:12.718581792,4.405067868008426,22.421632342616427,1.1329897027849287,0.8283407442078166,2021,2,5
6151,0 days 00:18:39.838887985,4.810022760526745,23.000791741180294,1.091716794017233,0.7584132661355877,2021,2,6
12229,0 days 00:21:39.576171395,4.654237468313026,24.571952735301334,0.7429282852236487,0.5826314498323657,2021,3,0
12651,0 days 00:23:48.496956762,4.6651727136194765,24.597548019919376,0.749904355386926,0.6211366690380207,2021,3,1
13328,0 days 00:22:41.096788715,4.500847088835534,24.13480942376951,0.7373236794717887,0.6400810324129652,2021,3,2
16590,0 days 00:22:58.943640747,4.478791440626884,24.040075949367086,0.8200192887281494,0.6453887884267631,2021,3,3
16167,0 days 00:22:49.447578400,4.581330488031174,24.073736623987138,0.8640489886806457,0.6493474361353374,2021,3,4
9255,0 days 00:21:23.570934629,4.528696920583469,23.20995137763371,1.0713527822798485,0.8055105348460292,2021,3,5
6721,0 days 00:21:11.976045231,4.724094628775481,23.588019639934537,1.0782428210087782,0.79065615235828,2021,3,6
14400,0 days 00:23:20.799513888,4.5058291666666666,23.989958333333334,0.8276055555555556,0.6708333333333333,2021,4,0
12319,0 days 00:23:10.512298076,4.584419189869307,24.264030359607112,0.8516259436642584,0.682685282896339,2021,4,1
12958,0 days 00:23:54.410634357,4.417418583114678,24.010229973761383,0.8694690538663375,0.6987189381077327,2021,4,2
12489,0 days 00:24:50.919208903,4.599608455440788,24.09826327167908,0.9265457602690368,0.698134358235247,2021,4,3
13160,0 days 00:25:34.754179331,4.319525075987841,23.912904255319155,0.9678411854103344,0.7209726443768997,2021,4,4
12656,0 days 00:22:03.731036662,4.594139538558786,22.969674462705438,1.128311472819216,0.7970922882427307,2021,4,5
10198,0 days 00:21:28.342910374,4.691510100019611,23.704909786232594,1.047828986075701,0.7644636203177093,2021,4,6
11515,0 days 00:25:25.975944420,4.461636126791142,23.52209639600521,0.9568006947459835,0.7617021276595745,2021,5,0
14869,0 days 00:24:56.165579393,4.556794000941556,23.56317842491089,0.9716746250588473,0.7705292891250253,2021,5,1
15400,0 days 00:25:41.029285714,4.41396038961039,23.56299415584416,1.0185681818181818,0.8187012987012987,2021,5,2
12827,0 days 00:26:06.690652529,4.4097403913619715,23.86173150385905,1.0586458252124424,0.8011226319482342,2021,5,3
12553,0 days 00:26:19.121325579,4.375989006611966,23.83026208874373,1.0965593881940572,0.8151836214450728,2021,5,4
11027,0 days 00:22:43.680420785,4.561644146186633,23.195716876757054,1.11374535231704,0.8444726580212206,2021,5,5
8546,0 days 00:24:30.979054528,4.859307278258835,23.873048209688744,1.1747215071378423,0.8395740697402293,2021,5,6
10403,0 days 00:24:56.453234643,4.6914053638373545,24.010883399019516,1.0551917716043449,0.801211189080073,2021,6,0
10875,0 days 00:24:06.807908045,4.734472643678161,24.239257011494256,1.0240422988505746,0.7767356321839081,2021,6,1
11752,0 days 00:23:15.924012933,4.668872532334922,24.167181756296802,1.0218694690265486,0.7809734513274337,2021,6,2
14929,0 days 00:25:53.241878223,4.678581954585036,24.39458168665014,1.0541697367539686,0.7891352401366468,2021,6,3
14964,0 days 00:24:27.683974873,4.6024258219727345,23.975420342154507,1.044713311948677,0.8207698476343224,2021,6,4
12862,0 days 00:24:01.715207588,4.858246773441145,23.946712797387654,1.1103218784014928,0.8204789301819313,2021,6,5
7906,0 days 00:23:51.228560586,5.2226777131292685,25.11439792562611,1.11727422210979,0.8033139387806729,2021,6,6
13881,0 days 00:23:12.240544629,4.84293638786831,24.47069015200634,1.1275354801527266,0.73748289028168,2021,7,0
14492,0 days 00:24:57.253243168,5.090816312448246,24.976081976262765,1.1079160916367652,0.7695970190449903,2021,7,1
11574,0 days 00:24:15.471142215,5.023392949714879,24.608014515292897,1.1389355451874892,0.7986867115949542,2021,7,2
11905,0 days 00:25:12.639479210,4.856757664846703,24.475371692566153,1.1290113397732044,0.7826963460730786,2021,7,3
11951,0 days 00:25:15.960254372,4.731988954899172,24.13756756756757,1.1361258472094384,0.8065433854907539,2021,7,4
10481,0 days 00:22:51.069077378,5.0799618357027,23.91295773304074,1.2751159240530485,0.8092739242438699,2021,7,5
9215,0 days 00:24:14.174389582,5.271185024416712,25.11704286489419,1.3009115572436245,0.824633749321758,2021,7,6
12122,0 days 00:27:00.194109882,4.866724962877413,24.304018313809607,1.308349282296651,0.8609965352252104,2021,8,0
13399,0 days 00:26:42.513993581,4.90126949772371,24.786629599223826,1.232565116799761,0.83483842077767,2021,8,1
17132,0 days 00:25:54.853490544,4.911894699976652,24.70898902638338,1.2440147093159,0.8490544011207097,2021,8,2
17030,0 days 00:27:50.911391661,4.9160481503229585,25.546749853200236,1.3882577803875513,0.8452730475631239,2021,8,3
14095,0 days 00:28:20.802908832,4.879072011351543,25.70767009577865,1.419638169563675,0.8518623625399078,2021,8,4
12207,0 days 00:25:15.044974195,5.3250036864094366,25.71251331203408,1.4495502580486606,0.8406651921028918,2021,8,5
9724,0 days 00:25:49.979535170,5.305276635129577,26.45103866721514,1.5597953517071164,0.8572603866721514,2021,8,6
13992,0 days 00:26:48.021583762,4.500959834190966,23.845388793596346,1.1634426815323042,0.8469125214408233,2021,9,0
14148,0 days 00:27:46.689567430,4.6121614362454055,23.933620299689004,1.1887249081142213,0.8495193666949392,2021,9,1
15248,0 days 00:25:33.540005246,4.530258394543547,23.69592536726128,1.2028875918153201,0.8759181532004198,2021,9,2
15897,0 days 00:28:48.458765804,4.857439768509781,24.183204378184566,1.2645134302069574,0.8779014908473297,2021,9,3
20187,0 days 00:28:22.778768514,4.432066181205726,24.133348689750832,1.2775216723634022,0.8683806410065884,2021,9,4
17349,0 days 00:24:37.733298749,4.5443282033546595,23.789253559282955,1.385384171998386,0.8787826387688051,2021,9,5
14070,0 days 00:25:00.933830845,5.001979388770434,24.31698223169865,1.3988727789623312,0.8729211087420042,2021,9,6
18913,0 days 00:26:40.950087241,4.469410458414846,23.43393908951515,1.2255200126896844,0.8685560196690107,2021,10,0
18698,0 days 00:27:29.891432238,4.7046652048347415,23.823005134238958,1.2592967162263344,0.8566156808214782,2021,10,1
15495,0 days 00:27:21.295450145,4.454549209422393,23.962714424007746,1.286404646660213,0.8833817360438851,2021,10,2
14658,0 days 00:26:32.175399099,4.807546732159912,24.199991813344248,1.3076374675944875,0.8436348751534998,2021,10,3
14963,0 days 00:27:21.230836062,4.46993985163403,23.453671723584844,1.2918933368976808,0.8819755396645058,2021,10,4
14115,0 days 00:25:16.439603258,4.591659936238044,23.47305207226355,1.4334530641161884,0.8971307120085016,2021,10,5
11387,0 days 00:30:11.964866051,5.049596030561166,24.535377184508658,1.5128304206551328,0.8864494599104241,2021,10,6
12961,0 days 00:25:07.190185942,4.1774415554355375,22.38785278913664,1.3321302368644392,0.9735359925931641,2021,11,0
12757,0 days 00:24:59.108646233,4.260143450654542,22.67758171984009,1.3575056831543464,0.9592380653758721,2021,11,1
17320,0 days 00:24:10.693475750,4.288608545034642,22.993478637413396,1.33534584295612,0.9644341801385681,2021,11,2
17333,0 days 00:25:11.993711417,4.287286101655801,23.066607627069754,1.395555299140368,0.9758841516183003,2021,11,3
16640,0 days 00:24:11.907812500,4.379487379807692,22.98686298076923,1.3880396634615384,0.9530649038461538,2021,11,4
12056,0 days 00:24:30.456702057,4.812641838088918,23.881123092236237,1.4907191439946914,0.8898473788984738,2021,11,5
10894,0 days 00:25:01.655223058,4.8572259959610795,23.964408848907656,1.4429704424453829,0.8791077657426106,2021,11,6
10573,0 days 00:18:46.164664712,2.77277499290646,17.241133074813206,1.615276648065828,1.144613638513194,2022,0,0
8887,0 days 00:18:53.684595476,2.790093394846405,17.239540902441775,1.6146686170811297,1.145493417351187,2022,0,1
9135,0 days 00:19:25.996278051,2.7852216748768472,17.446463054187195,1.6316825396825396,1.1435139573070607,2022,0,2
9546,0 days 00:19:44.420595013,2.80589042530903,17.71022103498848,1.6266059082338151,1.1444584119002723,2022,0,3
9274,0 days 00:19:32.034181582,2.7915494932068143,17.62910071166703,1.6787621306879448,1.1552728056933361,2022,0,4
7466,0 days 00:18:18.294669166,3.049879453522636,17.941417090811683,1.772838199839271,1.0779533886954191,2022,0,5
7614,0 days 00:18:11.125820856,2.9756356711321246,17.509566587864462,1.772591279222485,1.091016548463357,2022,0,6
9705,0 days 00:19:18.561978361,2.77846780010304,17.506884080370945,1.7445151983513654,1.1541473467284904,2022,1,0
9835,0 days 00:20:27.427147941,2.7634011184544987,17.600658871377732,1.7010818505338077,1.149059481443823,2022,1,1
10417,0 days 00:20:09.214169146,2.795420946529711,17.761056926178366,1.7112652395123356,1.1441873860036478,2022,1,2
10924,0 days 00:20:24.582845111,2.7775714024166973,17.725775357012083,1.7529082753570118,1.142255584035152,2022,1,3
11111,0 days 00:19:58.080010800,2.833861038610386,17.983555035550356,1.8456799567995679,1.132391323913239,2022,1,4
10017,0 days 00:19:36.277428371,3.037326544873715,18.015115303983233,1.9511530398322847,1.0990316462014575,2022,1,5
7390,0 days 00:19:07.259539918,3.1069526387009474,18.232401894451964,1.9456048714479026,1.0953991880920162,2022,1,6
9770,0 days 00:21:33.785568065,2.9315353121801433,18.183436028659163,1.7858935516888435,1.1827021494370522,2022,2,0
12815,0 days 00:20:24.167147873,2.828198985563792,17.847598127194697,1.7548614904408892,1.1616855247756535,2022,2,1
13359,0 days 00:19:41.233400703,2.8580260498540313,17.91330937944457,1.7978688524590163,1.1840706639718541,2022,2,2
13827,0 days 00:20:44.406595790,2.9767397121573738,18.5163614666956,1.8766948723511967,1.1607000795544948,2022,2,3
11247,0 days 00:21:06.097626033,3.027468658308883,18.63971725793545,1.9901191428825464,1.1778251978305325,2022,2,4
9416,0 days 00:18:46.818500424,3.1764432880203906,18.37829226847919,2.011869158878505,1.1242565845369583,2022,2,5
8103,0 days 00:18:33.131803035,3.224404541527829,18.866050845365915,2.1541824015796616,1.1451314328026656,2022,2,6
9735,0 days 00:17:32.498818695,2.8892069851052904,17.83350796096559,1.8445434001027223,1.1934257832562918,2022,3,0
10516,0 days 00:19:28.358311144,3.2877976416888552,18.659561620387983,1.9645140737923166,1.1477748193229365,2022,3,1
10662,0 days 00:19:58.888388670,3.0424573250797224,18.8830256987432,1.983959857437629,1.1478146689176514,2022,3,2
10803,0 days 00:19:18.597334073,3.0436915671572713,18.91081273720263,1.9763491622697398,1.1191335740072201,2022,3,3
13528,0 days 00:18:56.168021880,3.0822494086339445,18.89448846836192,2.0346400059136607,1.1172383205204022,2022,3,4
12413,0 days 00:18:05.807379360,3.2802819624587127,19.173889470716187,2.1876137919922662,1.0839442519938773,2022,3,5
8479,0 days 00:18:34.099893855,3.258992805755396,18.929061210048356,2.2383016865196366,1.1313834178558793,2022,3,6
11027,0 days 00:19:13.697741906,3.1320195882833044,19.21950485172758,2.1006075995284306,1.122336084157069,2022,4,0
12660,0 days 00:20:20.354581358,3.1152906793048976,19.450647709320698,2.0404304897314374,1.1328593996840441,2022,4,1
10570,0 days 00:20:56.693850520,3.07759697256386,19.35975496688742,2.0440719016083255,1.1394512771996215,2022,4,2
11178,0 days 00:20:02.526122741,3.0606888531043124,19.26728752907497,2.0221667561281085,1.125514403292181,2022,4,3
11046,0 days 00:22:10.852616331,3.2467680608365024,20.09541462973022,2.1645980445410102,1.101303639326453,2022,4,4
9851,0 days 00:19:13.949142219,3.3991787635773014,20.03263729570602,2.2387118059080295,1.034818800121815,2022,4,5
10559,0 days 00:20:00.888625816,3.529587082110049,20.417617198598354,2.302965242920731,1.070934747608675,2022,4,6
9358,0 days 00:19:39.282859585,3.1360258602265443,19.22703996580466,2.066921350715965,1.1378499679418679,2022,5,0
9879,0 days 00:22:03.011843303,3.109396700070857,19.511429294463007,2.0685200931268346,1.131895940884705,2022,5,1
13151,0 days 00:20:21.777887613,3.0946042126074063,19.497930955820852,2.048638126378222,1.1469089803056802,2022,5,2
13321,0 days 00:21:20.568350724,3.164371293446438,19.795247353802267,2.1049988739584116,1.104721867727648,2022,5,3
10765,0 days 00:21:46.202879702,3.252356711565257,20.41781142591733,2.1377566186716206,1.1253135160241523,2022,5,4
9059,0 days 00:20:25.552930787,3.37592891047577,19.988408212827025,2.1825521580748424,1.0972513522463847,2022,5,5
8185,0 days 00:19:30.802199144,3.475929138668296,20.419402565668907,2.2556664630421506,1.1038485033598044,2022,5,6
7949,0 days 00:19:15.604604352,3.1448257642470754,19.35015473644484,2.034640835325198,1.1295760473015473,2022,6,0
8673,0 days 00:19:00.027672085,3.113298743226104,19.250464660440446,1.9509316268880434,1.1349014181943964,2022,6,1
9162,0 days 00:19:30.475223750,3.052490722549662,19.172250600305613,1.9285287055228117,1.1593538528705523,2022,6,2
9198,0 days 00:20:50.989671667,3.1111165470754516,19.524637964774954,2.001519895629485,1.1252446183953033,2022,6,3
11395,0 days 00:19:45.478543220,3.2006379991224225,19.743641948222905,1.9990724001755156,1.1553312856516016,2022,6,4
9525,0 days 00:18:50.036640419,3.407351181102362,20.158661417322836,2.1284325459317586,1.0995275590551181,2022,6,5
8290,0 days 00:18:42.441254523,3.461486127864897,20.40630036188179,2.208441495778046,1.1230398069963812,2022,6,6
10768,0 days 00:19:14.761051263,3.117541790490342,19.410513558692422,1.8992124814264488,1.1489598811292718,2022,7,0
10960,0 days 00:19:46.106478102,3.080104927007299,19.673009124087596,1.9724625912408762,1.1773722627737226,2022,7,1
11090,0 days 00:19:35.127682596,3.1381568981064025,19.79770874661858,1.9904869251578,1.1603246167718666,2022,7,2
9213,0 days 00:19:56.567893194,3.1866970585042873,19.80831759470314,1.940747856290025,1.1644415499837186,2022,7,3
9105,0 days 00:19:26.061394838,3.2617177375068644,19.792908292147175,1.9807380560131795,1.1780340472267985,2022,7,4
7822,0 days 00:20:18.013295832,3.475318332907185,20.610185374584503,2.054491178726668,1.0971618511889543,2022,7,5
6971,0 days 00:19:30.813656577,3.4568885382298093,21.329373117199832,2.2147554152919238,1.1404389614115622,2022,7,6
8703,0 days 00:21:33.215328047,3.2842893255199352,20.401422497989202,2.1094507641043316,1.1694817878892336,2022,8,0
9324,0 days 00:20:50.997211497,3.173711926211926,20.43139103389104,2.1892052767052768,1.138996138996139,2022,8,1
10169,0 days 00:21:48.255285672,3.123178286950536,19.90051824171502,2.0520650998131575,1.1928409873143868,2022,8,2
12751,0 days 00:21:57.188455807,3.339507489608658,20.782222570778764,2.186201866520273,1.196612030428986,2022,8,3
12293,0 days 00:21:53.593020418,3.2683909542015783,20.85158382819491,2.106016432115838,1.2078418612218336,2022,8,4
8544,0 days 00:21:15.994147940,3.5327797284644196,21.998139044943823,2.2905021067415734,1.1349485018726593,2022,8,5
7247,0 days 00:21:09.302745963,3.5758010211121847,21.998876776597214,2.4651276390230437,1.1208776045260107,2022,8,6
11126,0 days 00:20:30.792557972,3.0183794715081795,18.95931152255977,1.9399092216429985,1.1834441847923782,2022,9,0
9000,0 days 00:20:43.675333333,2.8946688888888885,18.876062222222224,1.9684055555555557,1.2053333333333334,2022,9,1
9522,0 days 00:21:14.674858223,2.9655860113421553,18.9212906952321,2.0095610165931523,1.1993278722957361,2022,9,2
10046,0 days 00:22:42.341230340,2.996297033645232,19.17339836750946,2.0092146127812063,1.1853474019510253,2022,9,3
9741,0 days 00:21:09.183656708,3.124297300071861,19.9902412483318,2.0593091058412893,1.2012113746021968,2022,9,4
10847,0 days 00:19:58.843182446,3.354640914538582,20.760265511201258,2.342168341476906,1.1336775145201439,2022,9,5
9040,0 days 00:18:54.762057522,3.616063053097345,20.430936946902655,2.27279314159292,1.1353982300884955,2022,9,6
8465,0 days 00:21:39.786178381,3.068074424099232,18.656785587714122,1.9076385115180154,1.2028352037802716,2022,10,0
11095,0 days 00:20:37.389544840,2.9572212708427217,18.844204596665165,1.9777097791798106,1.1797205948625507,2022,10,1
11539,0 days 00:21:14.320738365,2.9520981020885686,18.81516682554814,1.996517895831528,1.1744518589132507,2022,10,2
8568,0 days 00:22:13.026960784,3.025561391223156,19.412554855275445,2.0374976657329595,1.1628151260504203,2022,10,3
8670,0 days 00:19:13.577739331,3.1400853517877736,18.89604728950404,2.0014625144175318,1.1927335640138408,2022,10,4
7603,0 days 00:21:26.341707220,3.1765434696830197,19.26757464158885,2.0998066552676575,1.180981191634881,2022,10,5
6373,0 days 00:20:16.862523540,3.242488623882002,19.325983053506985,2.139915267534913,1.152832261101522,2022,10,6
9139,0 days 00:19:01.279242805,3.211532990480359,20.789231863442392,2.0152500273552905,1.2026479921216764,2022,11,0
9631,0 days 00:18:46.680926175,3.3577395909043712,21.58935209220226,2.1167012771259475,1.187934793894715,2022,11,1
10105,0 days 00:20:28.030183077,3.0168678871845622,21.304384957941615,2.0417288471053934,1.216328550222662,2022,11,2
13136,0 days 00:20:07.297122411,3.102380481120585,21.129120736906216,2.024511266747868,1.202192448233861,2022,11,3
12952,0 days 00:20:00.764746757,3.135012353304509,21.088495213094504,2.0604856392835083,1.214561457689932,2022,11,4
10774,0 days 00:19:11.296825691,3.463359012437349,20.88341191757936,2.091624280675701,1.1481343976239093,2022,11,5
6702,0 days 00:19:29.533422858,3.3402954341987465,20.45945240226798,2.2140734109221127,1.1672635034318113,2022,11,6
9993,0 days 00:18:21.978885219,2.669175422795957,21.65054237966577,2.0924317021915337,1.2244571199839889,2023,0,0
11263,0 days 00:18:02.722809198,2.9724762496670514,21.825936251442776,2.087723519488591,1.2360827488235817,2023,0,1
9886,0 days 00:16:18.879931215,2.5388286465709085,21.656582035201296,2.118696135949828,1.2193000202306292,2023,0,2
10209,0 days 00:19:02.126750906,2.988380840434911,22.162253893623276,2.16013713390146,1.2255852679008719,2023,0,3
9993,0 days 00:18:44.866206344,2.684165916141299,21.91862403682578,2.106140298208746,1.2491744220954668,2023,0,4
8520,0 days 00:17:44.894600938,3.0407464788732392,21.670018779342723,2.188446009389671,1.2251173708920189,2023,0,5
8347,0 days 00:18:23.189768779,2.8921360968012464,21.76754043368875,2.2529172157661437,1.2485923086138733,2023,0,6
8679,0 days 00:16:56.190229289,2.7000990897568844,21.398256711602716,2.0587855743749275,1.1714483235395783,2023,1,0
9477,0 days 00:17:52.601667194,2.7569009180120294,22.032226442967183,2.127878020470613,1.2192677007491823,2023,1,1
10178,0 days 00:17:49.503144036,2.779812340341914,21.898933975240713,2.1760817449400673,1.202888583218707,2023,1,2
10368,0 days 00:18:37.427276234,2.7497993827160494,22.35536651234568,2.216146797839506,1.1920331790123457,2023,1,3
10726,0 days 00:17:33.643203430,2.7110106283796385,22.02678631363043,2.142284169308223,1.2066007831437628,2023,1,4
8257,0 days 00:17:32.238827661,3.1296197166040938,21.63759597916919,2.124123773767712,1.1859028702918735,2023,1,5
7124,0 days 00:17:40.721083660,2.9940468837731613,21.86373385738349,2.2273329590117914,1.2091521617069063,2023,1,6
9349,0 days 00:17:24.362177773,2.786456305487218,21.87997005027276,2.0647630762648412,1.190929511177666,2023,2,0
9320,0 days 00:17:18.673390557,2.699204935622318,22.281962446351933,2.139799356223176,1.204184549356223,2023,2,1
12376,0 days 00:17:59.208791208,2.8147236586942475,22.35180268261151,2.165830639948287,1.2138009049773755,2023,2,2
12653,0 days 00:19:19.481703943,2.7599834031454984,22.861559313996686,2.2075065201928394,1.1888880107484392,2023,2,3
12732,0 days 00:18:16.466540999,2.789921457744266,22.613857995601634,2.1264679547596606,1.2003612943763744,2023,2,4
8458,0 days 00:19:09.470915109,2.863598959564909,21.78011704894774,2.1171908252541973,1.2390636084180657,2023,2,5
7156,0 days 00:17:49.101313583,3.4087353269983227,22.149928731134715,2.3035620458356627,1.213806595863611,2023,2,6
8992,0 days 00:17:46.442393238,2.7603436387900353,22.685167927046265,2.182102980427046,1.1913923487544484,2023,3,0
9282,0 days 00:19:28.735078646,2.7877020038784743,23.245190691661282,2.2955720749838395,1.1997414350355526,2023,3,1
9312,0 days 00:18:54.629080756,2.7558784364261166,23.233181915807563,2.2748743556701028,1.1972723367697595,2023,3,2
9671,0 days 00:18:53.175059456,2.9636966187571088,23.660504601385586,2.3596649777685865,1.1788853272670872,2023,3,3
9126,0 days 00:16:52.002081963,3.040973044049967,23.15917378917379,2.2436938417707646,1.1821170282708744,2023,3,4
10027,0 days 00:17:20.914431036,2.9790904557694224,22.77619926199262,2.268062231973671,1.1817093846614142,2023,3,5
8982,0 days 00:19:24.844021376,3.2634079269650407,22.954582498329994,2.4375862836784683,1.172233355600089,2023,3,6
10924,0 days 00:17:49.333668985,2.930181252288539,22.934761076528744,2.264901135115342,1.1749359209080923,2023,4,0
11081,0 days 00:20:24.616731341,2.8485443552025993,23.904662936558072,2.4100974641277864,1.1755256745781066,2023,4,1
11984,0 days 00:19:32.473965287,2.846208277703605,24.200934579439252,2.4951426902536715,1.1902536715620828,2023,4,2
10074,0 days 00:20:26.355370260,2.8390609489775662,24.003081199126466,2.50162993845543,1.1975382171927735,2023,4,3
9788,0 days 00:21:50.498876174,2.883934409480997,23.868525745811198,2.332273191663261,1.1892112791172864,2023,4,4
8113,0 days 00:20:24.507703685,3.0888721804511277,23.804798471588807,2.397437446074202,1.1537039319610503,2023,4,5
7210,0 days 00:20:01.949791955,3.2096657420249657,24.37851040221914,2.504665742024965,1.1916782246879334,2023,4,6
8213,0 days 00:18:52.690125410,2.9221599902593445,23.48663095093145,2.2912638499939124,1.1752100328747108,2023,5,0
9056,0 days 00:19:05.892999116,2.9003367932862187,24.284159673144874,2.343479461130742,1.190702296819788,2023,5,1
9031,0 days 00:20:21.446129996,2.9776957147602703,24.541275606245158,2.404755840992138,1.1697486435610673,2023,5,2
11821,0 days 00:19:59.155147618,3.2357930801116654,24.872170713137635,2.457394467473141,1.1651298536502834,2023,5,3
11832,0 days 00:20:29.646044624,3.143863252197431,25.003331643002028,2.3642486477349562,1.170131845841785,2023,5,4
8181,0 days 00:20:02.347023591,3.1292947072485027,24.38693069306931,2.459066128835106,1.199119911991199,2023,5,5
7416,0 days 00:20:20.211434735,3.3707807443365696,25.117715749730312,2.617478425026969,1.215480043149946,2023,5,6
9799,0 days 00:19:19.372282886,3.063246249617308,23.55117767119094,2.1757516073068683,1.1704255536279211,2023,6,0
7485,0 days 00:20:37.307815631,2.990955243820976,24.12182899131597,2.3583046092184365,1.1720774883099532,2023,6,1
8610,0 days 00:18:53.445644599,2.948127758420441,24.267049941927993,2.321717770034843,1.1763066202090593,2023,6,2
8971,0 days 00:19:24.358154051,3.1093924869022405,24.39583769925315,2.3432449002340876,1.182476869914168,2023,6,3
8655,0 days 00:21:56.722241478,3.070727902946274,24.729959560947428,2.3653448873483534,1.1826689774696708,2023,6,4
9283,0 days 00:19:01.109985995,3.5024744155984058,24.407578369061724,2.3526812452870836,1.1949800710977054,2023,6,5
8540,0 days 00:20:10.629859484,3.386502341920375,25.122580796252926,2.4802822014051524,1.2188524590163934,2023,6,6
7729,0 days 00:20:03.641350756,3.1528063138827793,25.404946306119808,2.3783167292017082,1.1864406779661016,2023,7,0
10032,0 days 00:19:53.320773524,3.2691118421052634,25.403703149920258,2.491333732057416,1.201555023923445,2023,7,1
10432,0 days 00:19:45.115414110,3.1824549463190186,25.64535851226994,2.4980003834355826,1.1942101226993864,2023,7,2
10798,0 days 00:21:50.304223004,3.028395073161697,25.424132246712357,2.537502315243563,1.195591776254862,2023,7,3
8076,0 days 00:19:29.566864784,3.0187419514611196,24.5275024764735,2.279217434373452,1.186106983655275,2023,7,4
7031,0 days 00:21:05.866875266,3.3000071113639593,24.856789930308636,2.377557957616271,1.2346750106670459,2023,7,5
6551,0 days 00:21:25.723401007,3.29145931918791,25.095124408487255,2.488433826896657,1.2393527705693788,2023,7,6
8423,0 days 00:19:53.307372670,3.2386204440223194,26.284342870711146,2.625378131307135,1.177965095571649,2023,8,0
9348,0 days 00:21:21.368207103,3.1139505776636716,25.975666452717157,2.502718228498074,1.217479674796748,2023,8,1
9768,0 days 00:20:15.451371826,3.168714168714169,26.410064496314497,2.603400900900901,1.2171375921375922,2023,8,2
10158,0 days 00:21:36.770525694,3.093741878322504,26.05337369560937,2.5213496751329,1.2122465052175626,2023,8,3
11473,0 days 00:22:45.476858711,3.26131090386124,27.088612394317096,2.590855050989279,1.2057875010895145,2023,8,4
9340,0 days 00:20:07.521413276,3.4562698072805143,26.880514989293363,2.743248394004283,1.2170235546038544,2023,8,5
6961,0 days 00:20:28.048699899,3.560139347794857,27.78325958913949,2.913245223387444,1.257146961643442,2023,8,6
10412,0 days 00:20:52.938148290,2.962226277372263,24.48751344602382,2.28257299270073,1.1994813676527085,2023,9,0
10961,0 days 00:20:37.817169966,2.821934130097619,24.510853936684608,2.2917042240671472,1.2096524039777392,2023,9,1
9294,0 days 00:19:37.796642995,2.9043156875403486,24.74213578652894,2.297447815795137,1.2177749085431462,2023,9,2
9720,0 days 00:20:18.182818930,2.9335730452674893,25.186425925925924,2.4309074074074073,1.237962962962963,2023,9,3
9528,0 days 00:19:43.016267842,2.8760075566750634,24.76741183879093,2.4451742233417297,1.2258606213266163,2023,9,4
7573,0 days 00:20:36.849069061,3.231167304898984,25.37809982833752,2.559383335534134,1.243232536643338,2023,9,5
8689,0 days 00:20:55.221889745,3.092699965473587,24.864257106686615,2.5422660835539186,1.2530786051329268,2023,9,6
8618,0 days 00:20:58.176142956,2.8263030865630077,24.2032710605709,2.3098793223485727,1.2070085866790439,2023,10,0
9259,0 days 00:20:42.208445836,2.727336645426072,23.712297224322285,2.2454660330489253,1.190409331461281,2023,10,1
12075,0 days 00:21:44.018799171,2.8009035196687373,24.35657225672878,2.234853830227743,1.1979296066252587,2023,10,2
11100,0 days 00:18:57.286486486,2.8839765765765764,24.216982882882885,2.3269126126126127,1.188018018018018,2023,10,3
8532,0 days 00:20:21.869549929,2.810758321612752,23.602853961556495,2.295716127519925,1.2139006094702298,2023,10,4
7569,0 days 00:21:55.847007530,3.0373880301228695,24.286241247192496,2.405357378781874,1.244682256572863,2023,10,5
6872,0 days 00:22:41.589057043,3.1139013387660075,24.779777357392316,2.596296565774156,1.2610593713620488,2023,10,6
7741,0 days 00:17:54.937475778,3.0979576282134094,24.142737372432503,2.2600839684795244,1.153597726391939,2023,11,0
8779,0 days 00:19:38.387173937,2.804677070281353,24.419666249003303,2.296104339902039,1.1755325207882448,2023,11,1
9415,0 days 00:20:19.050451407,2.8410674455655864,24.292452469463623,2.239391396707382,1.1814126394052045,2023,11,2
9358,0 days 00:20:46.126843342,2.812217354135499,24.479123744389824,2.3064981833725153,1.2064543705920068,2023,11,3
11750,0 days 00:21:25.507234042,2.8893965957446803,24.74207319148936,2.2552085106382975,1.2009361702127659,2023,11,4
9452,0 days 00:21:26.324693186,2.9742107490478205,24.424287981379603,2.3222429115531105,1.2460854845535336,2023,11,5
7720,0 days 00:19:57.518911917,2.9355764248704665,23.37938860103627,2.2984352331606215,1.2156735751295338,2023,11,6
